number,position,positionText,points,grid,laps,status,Driver.driverId,Driver.permanentNumber,Driver.code,Driver.url,Driver.givenName,Driver.familyName,Driver.dateOfBirth,Driver.nationality,Constructor.constructorId,Constructor.url,Constructor.name,Constructor.nationality,Time.millis,Time.time,FastestLap.lap,FastestLap.Time.time,season,round,raceName,source,FastestLap.rank
1,1,1,8,1,21,Finished,max_verstappen,33,VER,http://en.wikipedia.org/wiki/Max_Verstappen,Max,Verstappen,1997-09-30,Dutch,red_bull,http://en.wikipedia.org/wiki/Red_Bull_Racing,Red Bull,Austrian,1839567,30:39.567,14,1:19.154,2022,4,Emilia Romagna Grand Prix,sprint,
16,2,2,7,2,21,Finished,leclerc,16,LEC,http://en.wikipedia.org/wiki/Charles_Leclerc,Charles,Leclerc,1997-10-16,Monegasque,ferrari,http://en.wikipedia.org/wiki/Scuderia_Ferrari,Ferrari,Italian,1842542,+2.975,11,1:19.044,2022,4,Emilia Romagna Grand Prix,sprint,
11,3,3,6,7,21,Finished,perez,11,PER,http://en.wikipedia.org/wiki/Sergio_P%C3%A9rez,Sergio,Pérez,1990-01-26,Mexican,red_bull,http://en.wikipedia.org/wiki/Red_Bull_Racing,Red Bull,Austrian,1844288,+4.721,14,1:19.012,2022,4,Emilia Romagna Grand Prix,sprint,
55,4,4,5,10,21,Finished,sainz,55,SAI,http://en.wikipedia.org/wiki/Carlos_Sainz_Jr.,Carlos,Sainz,1994-09-01,Spanish,ferrari,http://en.wikipedia.org/wiki/Scuderia_Ferrari,Ferrari,Italian,1857145,+17.578,14,1:19.251,2022,4,Emilia Romagna Grand Prix,sprint,
4,5,5,4,3,21,Finished,norris,4,NOR,http://en.wikipedia.org/wiki/Lando_Norris,Lando,Norris,1999-11-13,British,mclaren,http://en.wikipedia.org/wiki/McLaren,McLaren,British,1864128,+24.561,9,1:20.030,2022,4,Emilia Romagna Grand Prix,sprint,
3,6,6,3,6,21,Finished,ricciardo,3,RIC,http://en.wikipedia.org/wiki/Daniel_Ricciardo,Daniel,Ricciardo,1989-07-01,Australian,mclaren,http://en.wikipedia.org/wiki/McLaren,McLaren,British,1867307,+27.740,12,1:20.328,2022,4,Emilia Romagna Grand Prix,sprint,
77,7,7,2,8,21,Finished,bottas,77,BOT,http://en.wikipedia.org/wiki/Valtteri_Bottas,Valtteri,Bottas,1989-08-28,Finnish,alfa,http://en.wikipedia.org/wiki/Alfa_Romeo_in_Formula_One,Alfa Romeo,Swiss,1867700,+28.133,9,1:20.219,2022,4,Emilia Romagna Grand Prix,sprint,
20,8,8,1,4,21,Finished,kevin_magnussen,20,MAG,http://en.wikipedia.org/wiki/Kevin_Magnussen,Kevin,Magnussen,1992-10-05,Danish,haas,http://en.wikipedia.org/wiki/Haas_F1_Team,Haas F1 Team,American,1870279,+30.712,6,1:20.557,2022,4,Emilia Romagna Grand Prix,sprint,
14,9,9,0,5,21,Finished,alonso,14,ALO,http://en.wikipedia.org/wiki/Fernando_Alonso,Fernando,Alonso,1981-07-29,Spanish,alpine,http://en.wikipedia.org/wiki/Alpine_F1_Team,Alpine F1 Team,French,1871845,+32.278,10,1:20.639,2022,4,Emilia Romagna Grand Prix,sprint,
47,10,10,0,12,21,Finished,mick_schumacher,47,MSC,http://en.wikipedia.org/wiki/Mick_Schumacher,Mick,Schumacher,1999-03-22,German,haas,http://en.wikipedia.org/wiki/Haas_F1_Team,Haas F1 Team,American,1873340,+33.773,15,1:20.567,2022,4,Emilia Romagna Grand Prix,sprint,
63,11,11,0,11,21,Finished,russell,63,RUS,http://en.wikipedia.org/wiki/George_Russell_(racing_driver),George,Russell,1998-02-15,British,mercedes,http://en.wikipedia.org/wiki/Mercedes-Benz_in_Formula_One,Mercedes,German,1875851,+36.284,19,1:20.756,2022,4,Emilia Romagna Grand Prix,sprint,
22,12,12,0,16,21,Finished,tsunoda,22,TSU,http://en.wikipedia.org/wiki/Yuki_Tsunoda,Yuki,Tsunoda,2000-05-11,Japanese,alphatauri,http://en.wikipedia.org/wiki/Scuderia_AlphaTauri,AlphaTauri,Italian,1877865,+38.298,20,1:20.909,2022,4,Emilia Romagna Grand Prix,sprint,
5,13,13,0,9,21,Finished,vettel,5,VET,http://en.wikipedia.org/wiki/Sebastian_Vettel,Sebastian,Vettel,1987-07-03,German,aston_martin,http://en.wikipedia.org/wiki/Aston_Martin_in_Formula_One,Aston Martin,British,1879744,+40.177,8,1:21.044,2022,4,Emilia Romagna Grand Prix,sprint,
44,14,14,0,13,21,Finished,hamilton,44,HAM,http://en.wikipedia.org/wiki/Lewis_Hamilton,Lewis,Hamilton,1985-01-07,British,mercedes,http://en.wikipedia.org/wiki/Mercedes-Benz_in_Formula_One,Mercedes,German,1881026,+41.459,9,1:20.663,2022,4,Emilia Romagna Grand Prix,sprint,
18,15,15,0,15,21,Finished,stroll,18,STR,http://en.wikipedia.org/wiki/Lance_Stroll,Lance,Stroll,1998-10-29,Canadian,aston_martin,http://en.wikipedia.org/wiki/Aston_Martin_in_Formula_One,Aston Martin,British,1882477,+42.910,14,1:20.948,2022,4,Emilia Romagna Grand Prix,sprint,
31,16,16,0,19,21,Finished,ocon,31,OCO,http://en.wikipedia.org/wiki/Esteban_Ocon,Esteban,Ocon,1996-09-17,French,alpine,http://en.wikipedia.org/wiki/Alpine_F1_Team,Alpine F1 Team,French,1883084,+43.517,14,1:20.995,2022,4,Emilia Romagna Grand Prix,sprint,
10,17,17,0,17,21,Finished,gasly,10,GAS,http://en.wikipedia.org/wiki/Pierre_Gasly,Pierre,Gasly,1996-02-07,French,alphatauri,http://en.wikipedia.org/wiki/Scuderia_AlphaTauri,AlphaTauri,Italian,1883361,+43.794,18,1:20.599,2022,4,Emilia Romagna Grand Prix,sprint,
23,18,18,0,20,21,Finished,albon,23,ALB,http://en.wikipedia.org/wiki/Alexander_Albon,Alexander,Albon,1996-03-23,Thai,williams,http://en.wikipedia.org/wiki/Williams_Grand_Prix_Engineering,Williams,British,1888438,+48.871,14,1:21.020,2022,4,Emilia Romagna Grand Prix,sprint,
6,19,19,0,18,21,Finished,latifi,6,LAT,http://en.wikipedia.org/wiki/Nicholas_Latifi,Nicholas,Latifi,1995-06-29,Canadian,williams,http://en.wikipedia.org/wiki/Williams_Grand_Prix_Engineering,Williams,British,1891584,+52.017,16,1:21.437,2022,4,Emilia Romagna Grand Prix,sprint,
24,20,R,0,0,0,Retired,zhou,24,ZHO,http://en.wikipedia.org/wiki/Zhou_Guanyu,Guanyu,Zhou,1999-05-30,Chinese,alfa,http://en.wikipedia.org/wiki/Alfa_Romeo_in_Formula_One,Alfa Romeo,Swiss,,,,,2022,4,Emilia Romagna Grand Prix,sprint,
1,1,1,8,1,23,Finished,max_verstappen,33,VER,http://en.wikipedia.org/wiki/Max_Verstappen,Max,Verstappen,1997-09-30,Dutch,red_bull,http://en.wikipedia.org/wiki/Red_Bull_Racing,Red Bull,Austrian,1590059,26:30.059,5,1:08.455,2022,11,Austrian Grand Prix,sprint,
16,2,2,7,2,23,Finished,leclerc,16,LEC,http://en.wikipedia.org/wiki/Charles_Leclerc,Charles,Leclerc,1997-10-16,Monegasque,ferrari,http://en.wikipedia.org/wiki/Scuderia_Ferrari,Ferrari,Italian,1591734,+1.675,4,1:08.321,2022,11,Austrian Grand Prix,sprint,
55,3,3,6,3,23,Finished,sainz,55,SAI,http://en.wikipedia.org/wiki/Carlos_Sainz_Jr.,Carlos,Sainz,1994-09-01,Spanish,ferrari,http://en.wikipedia.org/wiki/Scuderia_Ferrari,Ferrari,Italian,1595703,+5.644,4,1:08.409,2022,11,Austrian Grand Prix,sprint,
63,4,4,5,4,23,Finished,russell,63,RUS,http://en.wikipedia.org/wiki/George_Russell_(racing_driver),George,Russell,1998-02-15,British,mercedes,http://en.wikipedia.org/wiki/Mercedes-Benz_in_Formula_One,Mercedes,German,1603488,+13.429,4,1:08.979,2022,11,Austrian Grand Prix,sprint,
11,5,5,4,13,23,Finished,perez,11,PER,http://en.wikipedia.org/wiki/Sergio_P%C3%A9rez,Sergio,Pérez,1990-01-26,Mexican,red_bull,http://en.wikipedia.org/wiki/Red_Bull_Racing,Red Bull,Austrian,1608361,+18.302,14,1:09.137,2022,11,Austrian Grand Prix,sprint,
31,6,6,3,5,23,Finished,ocon,31,OCO,http://en.wikipedia.org/wiki/Esteban_Ocon,Esteban,Ocon,1996-09-17,French,alpine,http://en.wikipedia.org/wiki/Alpine_F1_Team,Alpine F1 Team,French,1621091,+31.032,4,1:09.384,2022,11,Austrian Grand Prix,sprint,
20,7,7,2,6,23,Finished,kevin_magnussen,20,MAG,http://en.wikipedia.org/wiki/Kevin_Magnussen,Kevin,Magnussen,1992-10-05,Danish,haas,http://en.wikipedia.org/wiki/Haas_F1_Team,Haas F1 Team,American,1624598,+34.539,4,1:09.232,2022,11,Austrian Grand Prix,sprint,
44,8,8,1,9,23,Finished,hamilton,44,HAM,http://en.wikipedia.org/wiki/Lewis_Hamilton,Lewis,Hamilton,1985-01-07,British,mercedes,http://en.wikipedia.org/wiki/Mercedes-Benz_in_Formula_One,Mercedes,German,1625506,+35.447,7,1:09.516,2022,11,Austrian Grand Prix,sprint,
47,9,9,0,7,23,Finished,mick_schumacher,47,MSC,http://en.wikipedia.org/wiki/Mick_Schumacher,Mick,Schumacher,1999-03-22,German,haas,http://en.wikipedia.org/wiki/Haas_F1_Team,Haas F1 Team,American,1627222,+37.163,4,1:09.457,2022,11,Austrian Grand Prix,sprint,
77,10,10,0,12,23,Finished,bottas,77,BOT,http://en.wikipedia.org/wiki/Valtteri_Bottas,Valtteri,Bottas,1989-08-28,Finnish,alfa,http://en.wikipedia.org/wiki/Alfa_Romeo_in_Formula_One,Alfa Romeo,Swiss,1627616,+37.557,4,1:09.674,2022,11,Austrian Grand Prix,sprint,
4,11,11,0,15,23,Finished,norris,4,NOR,http://en.wikipedia.org/wiki/Lando_Norris,Lando,Norris,1999-11-13,British,mclaren,http://en.wikipedia.org/wiki/McLaren,McLaren,British,1628639,+38.580,8,1:09.909,2022,11,Austrian Grand Prix,sprint,
3,12,12,0,16,23,Finished,ricciardo,3,RIC,http://en.wikipedia.org/wiki/Daniel_Ricciardo,Daniel,Ricciardo,1989-07-01,Australian,mclaren,http://en.wikipedia.org/wiki/McLaren,McLaren,British,1629797,+39.738,8,1:09.996,2022,11,Austrian Grand Prix,sprint,
18,13,13,0,17,23,Finished,stroll,18,STR,http://en.wikipedia.org/wiki/Lance_Stroll,Lance,Stroll,1998-10-29,Canadian,aston_martin,http://en.wikipedia.org/wiki/Aston_Martin_in_Formula_One,Aston Martin,British,1638300,+48.241,4,1:10.295,2022,11,Austrian Grand Prix,sprint,
24,14,14,0,18,23,Finished,zhou,24,ZHO,http://en.wikipedia.org/wiki/Zhou_Guanyu,Guanyu,Zhou,1999-05-30,Chinese,alfa,http://en.wikipedia.org/wiki/Alfa_Romeo_in_Formula_One,Alfa Romeo,Swiss,1640812,+50.753,11,1:10.165,2022,11,Austrian Grand Prix,sprint,
10,15,15,0,10,23,Finished,gasly,10,GAS,http://en.wikipedia.org/wiki/Pierre_Gasly,Pierre,Gasly,1996-02-07,French,alphatauri,http://en.wikipedia.org/wiki/Scuderia_AlphaTauri,AlphaTauri,Italian,1642184,+52.125,4,1:10.409,2022,11,Austrian Grand Prix,sprint,
23,16,16,0,11,23,Finished,albon,23,ALB,http://en.wikipedia.org/wiki/Alexander_Albon,Alexander,Albon,1996-03-23,Thai,williams,http://en.wikipedia.org/wiki/Williams_Grand_Prix_Engineering,Williams,British,1642471,+52.412,5,1:10.367,2022,11,Austrian Grand Prix,sprint,
22,17,17,0,14,23,Finished,tsunoda,22,TSU,http://en.wikipedia.org/wiki/Yuki_Tsunoda,Yuki,Tsunoda,2000-05-11,Japanese,alphatauri,http://en.wikipedia.org/wiki/Scuderia_AlphaTauri,AlphaTauri,Italian,1644615,+54.556,4,1:10.267,2022,11,Austrian Grand Prix,sprint,
6,18,18,0,19,23,Finished,latifi,6,LAT,http://en.wikipedia.org/wiki/Nicholas_Latifi,Nicholas,Latifi,1995-06-29,Canadian,williams,http://en.wikipedia.org/wiki/Williams_Grand_Prix_Engineering,Williams,British,1658753,+1:08.694,4,1:10.284,2022,11,Austrian Grand Prix,sprint,
5,19,19,0,20,21,Collision damage,vettel,5,VET,http://en.wikipedia.org/wiki/Sebastian_Vettel,Sebastian,Vettel,1987-07-03,German,aston_martin,http://en.wikipedia.org/wiki/Aston_Martin_in_Formula_One,Aston Martin,British,,,4,1:10.317,2022,11,Austrian Grand Prix,sprint,
14,20,R,0,8,0,Electrical,alonso,14,ALO,http://en.wikipedia.org/wiki/Fernando_Alonso,Fernando,Alonso,1981-07-29,Spanish,alpine,http://en.wikipedia.org/wiki/Alpine_F1_Team,Alpine F1 Team,French,,,,,2022,11,Austrian Grand Prix,sprint,
63,1,1,8,3,24,Finished,russell,63,RUS,http://en.wikipedia.org/wiki/George_Russell_(racing_driver),George,Russell,1998-02-15,British,mercedes,http://en.wikipedia.org/wiki/Mercedes-Benz_in_Formula_One,Mercedes,German,1811307,30:11.307,4,1:14.233,2022,21,São Paulo Grand Prix,sprint,
55,2,2,7,5,24,Finished,sainz,55,SAI,http://en.wikipedia.org/wiki/Carlos_Sainz_Jr.,Carlos,Sainz,1994-09-01,Spanish,ferrari,http://en.wikipedia.org/wiki/Scuderia_Ferrari,Ferrari,Italian,1815302,+3.995,2,1:14.522,2022,21,São Paulo Grand Prix,sprint,
44,3,3,6,8,24,Finished,hamilton,44,HAM,http://en.wikipedia.org/wiki/Lewis_Hamilton,Lewis,Hamilton,1985-01-07,British,mercedes,http://en.wikipedia.org/wiki/Mercedes-Benz_in_Formula_One,Mercedes,German,1815799,+4.492,3,1:14.317,2022,21,São Paulo Grand Prix,sprint,
1,4,4,5,2,24,Finished,max_verstappen,33,VER,http://en.wikipedia.org/wiki/Max_Verstappen,Max,Verstappen,1997-09-30,Dutch,red_bull,http://en.wikipedia.org/wiki/Red_Bull_Racing,Red Bull,Austrian,1821801,+10.494,5,1:14.507,2022,21,São Paulo Grand Prix,sprint,
11,5,5,4,9,24,Finished,perez,11,PER,http://en.wikipedia.org/wiki/Sergio_P%C3%A9rez,Sergio,Pérez,1990-01-26,Mexican,red_bull,http://en.wikipedia.org/wiki/Red_Bull_Racing,Red Bull,Austrian,1823162,+11.855,5,1:14.699,2022,21,São Paulo Grand Prix,sprint,
16,6,6,3,10,24,Finished,leclerc,16,LEC,http://en.wikipedia.org/wiki/Charles_Leclerc,Charles,Leclerc,1997-10-16,Monegasque,ferrari,http://en.wikipedia.org/wiki/Scuderia_Ferrari,Ferrari,Italian,1824440,+13.133,4,1:15.236,2022,21,São Paulo Grand Prix,sprint,
4,7,7,2,4,24,Finished,norris,4,NOR,http://en.wikipedia.org/wiki/Lando_Norris,Lando,Norris,1999-11-13,British,mclaren,http://en.wikipedia.org/wiki/McLaren,McLaren,British,1836931,+25.624,4,1:15.380,2022,21,São Paulo Grand Prix,sprint,
20,8,8,1,1,24,Finished,kevin_magnussen,20,MAG,http://en.wikipedia.org/wiki/Kevin_Magnussen,Kevin,Magnussen,1992-10-05,Danish,haas,http://en.wikipedia.org/wiki/Haas_F1_Team,Haas F1 Team,American,1840075,+28.768,2,1:15.110,2022,21,São Paulo Grand Prix,sprint,
5,9,9,0,13,24,Finished,vettel,5,VET,http://en.wikipedia.org/wiki/Sebastian_Vettel,Sebastian,Vettel,1987-07-03,German,aston_martin,http://en.wikipedia.org/wiki/Aston_Martin_in_Formula_One,Aston Martin,British,1841525,+30.218,4,1:15.451,2022,21,São Paulo Grand Prix,sprint,
10,10,10,0,12,24,Finished,gasly,10,GAS,http://en.wikipedia.org/wiki/Pierre_Gasly,Pierre,Gasly,1996-02-07,French,alphatauri,http://en.wikipedia.org/wiki/Scuderia_AlphaTauri,AlphaTauri,Italian,1845477,+34.170,3,1:15.290,2022,21,São Paulo Grand Prix,sprint,
3,11,11,0,14,24,Finished,ricciardo,3,RIC,http://en.wikipedia.org/wiki/Daniel_Ricciardo,Daniel,Ricciardo,1989-07-01,Australian,mclaren,http://en.wikipedia.org/wiki/McLaren,McLaren,British,1850702,+39.395,5,1:15.385,2022,21,São Paulo Grand Prix,sprint,
47,12,12,0,20,24,Finished,mick_schumacher,47,MSC,http://en.wikipedia.org/wiki/Mick_Schumacher,Mick,Schumacher,1999-03-22,German,haas,http://en.wikipedia.org/wiki/Haas_F1_Team,Haas F1 Team,American,1852466,+41.159,5,1:15.771,2022,21,São Paulo Grand Prix,sprint,
24,13,13,0,17,24,Finished,zhou,24,ZHO,http://en.wikipedia.org/wiki/Zhou_Guanyu,Guanyu,Zhou,1999-05-30,Chinese,alfa,http://en.wikipedia.org/wiki/Alfa_Romeo_in_Formula_One,Alfa Romeo,Swiss,1853070,+41.763,7,1:15.765,2022,21,São Paulo Grand Prix,sprint,
77,14,14,0,18,24,Finished,bottas,77,BOT,http://en.wikipedia.org/wiki/Valtteri_Bottas,Valtteri,Bottas,1989-08-28,Finnish,alfa,http://en.wikipedia.org/wiki/Alfa_Romeo_in_Formula_One,Alfa Romeo,Swiss,1853645,+42.338,8,1:15.980,2022,21,São Paulo Grand Prix,sprint,
22,15,15,0,19,24,Finished,tsunoda,22,TSU,http://en.wikipedia.org/wiki/Yuki_Tsunoda,Yuki,Tsunoda,2000-05-11,Japanese,alphatauri,http://en.wikipedia.org/wiki/Scuderia_AlphaTauri,AlphaTauri,Italian,1861613,+50.306,4,1:16.413,2022,21,São Paulo Grand Prix,sprint,
18,16,16,0,15,24,Finished,stroll,18,STR,http://en.wikipedia.org/wiki/Lance_Stroll,Lance,Stroll,1998-10-29,Canadian,aston_martin,http://en.wikipedia.org/wiki/Aston_Martin_in_Formula_One,Aston Martin,British,1862007,+50.700,4,1:15.425,2022,21,São Paulo Grand Prix,sprint,
31,17,17,0,6,24,Finished,ocon,31,OCO,http://en.wikipedia.org/wiki/Esteban_Ocon,Esteban,Ocon,1996-09-17,French,alpine,http://en.wikipedia.org/wiki/Alpine_F1_Team,Alpine F1 Team,French,1863063,+51.756,5,1:16.097,2022,21,São Paulo Grand Prix,sprint,
14,18,18,0,7,24,Finished,alonso,14,ALO,http://en.wikipedia.org/wiki/Fernando_Alonso,Fernando,Alonso,1981-07-29,Spanish,alpine,http://en.wikipedia.org/wiki/Alpine_F1_Team,Alpine F1 Team,French,1865292,+53.985,5,1:14.764,2022,21,São Paulo Grand Prix,sprint,
6,19,19,0,16,24,Finished,latifi,6,LAT,http://en.wikipedia.org/wiki/Nicholas_Latifi,Nicholas,Latifi,1995-06-29,Canadian,williams,http://en.wikipedia.org/wiki/Williams_Grand_Prix_Engineering,Williams,British,1888157,+1:16.850,4,1:16.525,2022,21,São Paulo Grand Prix,sprint,
23,20,R,0,11,12,Retired,albon,23,ALB,http://en.wikipedia.org/wiki/Alexander_Albon,Alexander,Albon,1996-03-23,Thai,williams,http://en.wikipedia.org/wiki/Williams_Grand_Prix_Engineering,Williams,British,,,4,1:15.998,2022,21,São Paulo Grand Prix,sprint,
11,1,1,8,2,17,Finished,perez,11,PER,http://en.wikipedia.org/wiki/Sergio_P%C3%A9rez,Sergio,Pérez,1990-01-26,Mexican,red_bull,http://en.wikipedia.org/wiki/Red_Bull_Racing,Red Bull,Austrian,1997667,33:17.667,11,1:43.616,2023,4,Azerbaijan Grand Prix,sprint,
16,2,2,7,1,17,Finished,leclerc,16,LEC,http://en.wikipedia.org/wiki/Charles_Leclerc,Charles,Leclerc,1997-10-16,Monegasque,ferrari,http://en.wikipedia.org/wiki/Scuderia_Ferrari,Ferrari,Italian,2002130,+4.463,12,1:43.646,2023,4,Azerbaijan Grand Prix,sprint,
1,3,3,6,3,17,Finished,max_verstappen,33,VER,http://en.wikipedia.org/wiki/Max_Verstappen,Max,Verstappen,1997-09-30,Dutch,red_bull,http://en.wikipedia.org/wiki/Red_Bull_Racing,Red Bull,Austrian,2002732,+5.065,10,1:43.723,2023,4,Azerbaijan Grand Prix,sprint,
63,4,4,5,4,17,Finished,russell,63,RUS,http://en.wikipedia.org/wiki/George_Russell_(racing_driver),George,Russell,1998-02-15,British,mercedes,http://en.wikipedia.org/wiki/Mercedes-Benz_in_Formula_One,Mercedes,German,2001134,+3.467,10,1:44.409,2023,4,Azerbaijan Grand Prix,sprint,
55,5,5,4,5,17,Finished,sainz,55,SAI,http://en.wikipedia.org/wiki/Carlos_Sainz_Jr.,Carlos,Sainz,1994-09-01,Spanish,ferrari,http://en.wikipedia.org/wiki/Scuderia_Ferrari,Ferrari,Italian,2008055,+10.388,11,1:44.398,2023,4,Azerbaijan Grand Prix,sprint,
14,6,6,3,8,17,Finished,alonso,14,ALO,http://en.wikipedia.org/wiki/Fernando_Alonso,Fernando,Alonso,1981-07-29,Spanish,aston_martin,http://en.wikipedia.org/wiki/Aston_Martin_in_Formula_One,Aston Martin,British,2009280,+11.613,12,1:44.544,2023,4,Azerbaijan Grand Prix,sprint,
44,7,7,2,6,17,Finished,hamilton,44,HAM,http://en.wikipedia.org/wiki/Lewis_Hamilton,Lewis,Hamilton,1985-01-07,British,mercedes,http://en.wikipedia.org/wiki/Mercedes-Benz_in_Formula_One,Mercedes,German,2002557,+4.890,8,1:44.601,2023,4,Azerbaijan Grand Prix,sprint,
18,8,8,1,9,17,Finished,stroll,18,STR,http://en.wikipedia.org/wiki/Lance_Stroll,Lance,Stroll,1998-10-29,Canadian,aston_martin,http://en.wikipedia.org/wiki/Aston_Martin_in_Formula_One,Aston Martin,British,2016084,+18.417,14,1:44.855,2023,4,Azerbaijan Grand Prix,sprint,
23,9,9,0,7,17,Finished,albon,23,ALB,http://en.wikipedia.org/wiki/Alexander_Albon,Alexander,Albon,1996-03-23,Thai,williams,http://en.wikipedia.org/wiki/Williams_Grand_Prix_Engineering,Williams,British,2019424,+21.757,10,1:44.915,2023,4,Azerbaijan Grand Prix,sprint,
81,10,10,0,11,17,Finished,piastri,81,PIA,http://en.wikipedia.org/wiki/Oscar_Piastri,Oscar,Piastri,2001-04-06,Australian,mclaren,http://en.wikipedia.org/wiki/McLaren,McLaren,British,2020518,+22.851,8,1:44.776,2023,4,Azerbaijan Grand Prix,sprint,
20,11,11,0,13,17,Finished,kevin_magnussen,20,MAG,http://en.wikipedia.org/wiki/Kevin_Magnussen,Kevin,Magnussen,1992-10-05,Danish,haas,http://en.wikipedia.org/wiki/Haas_F1_Team,Haas F1 Team,American,2025657,+27.990,14,1:45.349,2023,4,Azerbaijan Grand Prix,sprint,
24,12,12,0,14,17,Finished,zhou,24,ZHO,http://en.wikipedia.org/wiki/Zhou_Guanyu,Guanyu,Zhou,1999-05-30,Chinese,alfa,http://en.wikipedia.org/wiki/Alfa_Romeo_in_Formula_One,Alfa Romeo,Swiss,2032269,+34.602,16,1:45.766,2023,4,Azerbaijan Grand Prix,sprint,
10,13,13,0,17,17,Finished,gasly,10,GAS,http://en.wikipedia.org/wiki/Pierre_Gasly,Pierre,Gasly,1996-02-07,French,alpine,http://en.wikipedia.org/wiki/Alpine_F1_Team,Alpine F1 Team,French,2034585,+36.918,12,1:45.883,2023,4,Azerbaijan Grand Prix,sprint,
21,14,14,0,18,17,Finished,de_vries,21,DEV,http://en.wikipedia.org/wiki/Nyck_de_Vries,Nyck,de Vries,1995-02-06,Dutch,alphatauri,http://en.wikipedia.org/wiki/Scuderia_AlphaTauri,AlphaTauri,Italian,2039293,+41.626,17,1:45.768,2023,4,Azerbaijan Grand Prix,sprint,
27,15,15,0,12,17,Finished,hulkenberg,27,HUL,http://en.wikipedia.org/wiki/Nico_H%C3%BClkenberg,Nico,Hülkenberg,1987-08-19,German,haas,http://en.wikipedia.org/wiki/Haas_F1_Team,Haas F1 Team,American,2046254,+48.587,8,1:45.971,2023,4,Azerbaijan Grand Prix,sprint,
77,16,16,0,15,17,Finished,bottas,77,BOT,http://en.wikipedia.org/wiki/Valtteri_Bottas,Valtteri,Bottas,1989-08-28,Finnish,alfa,http://en.wikipedia.org/wiki/Alfa_Romeo_in_Formula_One,Alfa Romeo,Swiss,2047584,+49.917,9,1:46.277,2023,4,Azerbaijan Grand Prix,sprint,
4,17,17,0,10,17,Finished,norris,4,NOR,http://en.wikipedia.org/wiki/Lando_Norris,Lando,Norris,1999-11-13,British,mclaren,http://en.wikipedia.org/wiki/McLaren,McLaren,British,2048771,+51.104,15,1:44.484,2023,4,Azerbaijan Grand Prix,sprint,
31,18,18,0,0,17,Finished,ocon,31,OCO,http://en.wikipedia.org/wiki/Esteban_Ocon,Esteban,Ocon,1996-09-17,French,alpine,http://en.wikipedia.org/wiki/Alpine_F1_Team,Alpine F1 Team,French,2058288,+1:00.621,15,1:45.090,2023,4,Azerbaijan Grand Prix,sprint,
22,19,R,0,16,2,Collision damage,tsunoda,22,TSU,http://en.wikipedia.org/wiki/Yuki_Tsunoda,Yuki,Tsunoda,2000-05-11,Japanese,alphatauri,http://en.wikipedia.org/wiki/Scuderia_AlphaTauri,AlphaTauri,Italian,,,,,2023,4,Azerbaijan Grand Prix,sprint,
2,20,R,0,0,0,Accident,sargeant,2,SAR,http://en.wikipedia.org/wiki/Logan_Sargeant,Logan,Sargeant,2000-12-31,American,williams,http://en.wikipedia.org/wiki/Williams_Grand_Prix_Engineering,Williams,British,,,,,2023,4,Azerbaijan Grand Prix,sprint,
1,1,1,8,1,24,Finished,max_verstappen,33,VER,http://en.wikipedia.org/wiki/Max_Verstappen,Max,Verstappen,1997-09-30,Dutch,red_bull,http://en.wikipedia.org/wiki/Red_Bull_Racing,Red Bull,Austrian,1826730,30:26.730,19,1:14.292,2023,9,Austrian Grand Prix,sprint,12
11,2,2,7,2,24,Finished,perez,11,PER,http://en.wikipedia.org/wiki/Sergio_P%C3%A9rez,Sergio,Pérez,1990-01-26,Mexican,red_bull,http://en.wikipedia.org/wiki/Red_Bull_Racing,Red Bull,Austrian,1847778,+21.048,16,1:15.492,2023,9,Austrian Grand Prix,sprint,15
55,3,3,6,5,24,Finished,sainz,55,SAI,http://en.wikipedia.org/wiki/Carlos_Sainz_Jr.,Carlos,Sainz,1994-09-01,Spanish,ferrari,http://en.wikipedia.org/wiki/Scuderia_Ferrari,Ferrari,Italian,1849818,+23.088,16,1:15.457,2023,9,Austrian Grand Prix,sprint,14
18,4,4,5,7,24,Finished,stroll,18,STR,http://en.wikipedia.org/wiki/Lance_Stroll,Lance,Stroll,1998-10-29,Canadian,aston_martin,http://en.wikipedia.org/wiki/Aston_Martin_in_Formula_One,Aston Martin,British,1856433,+29.703,23,1:15.531,2023,9,Austrian Grand Prix,sprint,17
14,5,5,4,6,24,Finished,alonso,14,ALO,http://en.wikipedia.org/wiki/Fernando_Alonso,Fernando,Alonso,1981-07-29,Spanish,aston_martin,http://en.wikipedia.org/wiki/Aston_Martin_in_Formula_One,Aston Martin,British,1856839,+30.109,18,1:14.978,2023,9,Austrian Grand Prix,sprint,13
27,6,6,3,4,24,Finished,hulkenberg,27,HUL,http://en.wikipedia.org/wiki/Nico_H%C3%BClkenberg,Nico,Hülkenberg,1987-08-19,German,haas,http://en.wikipedia.org/wiki/Haas_F1_Team,Haas F1 Team,American,1858027,+31.297,24,1:10.180,2023,9,Austrian Grand Prix,sprint,1
31,7,7,2,8,24,Finished,ocon,31,OCO,http://en.wikipedia.org/wiki/Esteban_Ocon,Esteban,Ocon,1996-09-17,French,alpine,http://en.wikipedia.org/wiki/Alpine_F1_Team,Alpine F1 Team,French,1863332,+36.602,22,1:15.512,2023,9,Austrian Grand Prix,sprint,16
63,8,8,1,15,24,Finished,russell,63,RUS,http://en.wikipedia.org/wiki/George_Russell_(racing_driver),George,Russell,1998-02-15,British,mercedes,http://en.wikipedia.org/wiki/Mercedes-Benz_in_Formula_One,Mercedes,German,1863341,+36.611,23,1:10.385,2023,9,Austrian Grand Prix,sprint,3
4,9,9,0,3,24,Finished,norris,4,NOR,http://en.wikipedia.org/wiki/Lando_Norris,Lando,Norris,1999-11-13,British,mclaren,http://en.wikipedia.org/wiki/McLaren,McLaren,British,1865338,+38.608,19,1:15.627,2023,9,Austrian Grand Prix,sprint,18
44,10,10,0,18,24,Finished,hamilton,44,HAM,http://en.wikipedia.org/wiki/Lewis_Hamilton,Lewis,Hamilton,1985-01-07,British,mercedes,http://en.wikipedia.org/wiki/Mercedes-Benz_in_Formula_One,Mercedes,German,1873105,+46.375,24,1:10.775,2023,9,Austrian Grand Prix,sprint,6
81,11,11,0,17,24,Finished,piastri,81,PIA,http://en.wikipedia.org/wiki/Oscar_Piastri,Oscar,Piastri,2001-04-06,Australian,mclaren,http://en.wikipedia.org/wiki/McLaren,McLaren,British,1876537,+49.807,24,1:10.274,2023,9,Austrian Grand Prix,sprint,2
16,12,12,0,9,24,Finished,leclerc,16,LEC,http://en.wikipedia.org/wiki/Charles_Leclerc,Charles,Leclerc,1997-10-16,Monegasque,ferrari,http://en.wikipedia.org/wiki/Scuderia_Ferrari,Ferrari,Italian,1877519,+50.789,24,1:10.686,2023,9,Austrian Grand Prix,sprint,5
23,13,13,0,11,24,Finished,albon,23,ALB,http://en.wikipedia.org/wiki/Alexander_Albon,Alexander,Albon,1996-03-23,Thai,williams,http://en.wikipedia.org/wiki/Williams_Grand_Prix_Engineering,Williams,British,1879578,+52.848,24,1:11.635,2023,9,Austrian Grand Prix,sprint,9
20,14,14,0,10,24,Finished,kevin_magnussen,20,MAG,http://en.wikipedia.org/wiki/Kevin_Magnussen,Kevin,Magnussen,1992-10-05,Danish,haas,http://en.wikipedia.org/wiki/Haas_F1_Team,Haas F1 Team,American,1883323,+56.593,23,1:10.539,2023,9,Austrian Grand Prix,sprint,4
10,15,15,0,12,24,Finished,gasly,10,GAS,http://en.wikipedia.org/wiki/Pierre_Gasly,Pierre,Gasly,1996-02-07,French,alpine,http://en.wikipedia.org/wiki/Alpine_F1_Team,Alpine F1 Team,French,1884382,+57.652,22,1:16.109,2023,9,Austrian Grand Prix,sprint,19
22,16,16,0,13,24,Finished,tsunoda,22,TSU,http://en.wikipedia.org/wiki/Yuki_Tsunoda,Yuki,Tsunoda,2000-05-11,Japanese,alphatauri,http://en.wikipedia.org/wiki/Scuderia_AlphaTauri,AlphaTauri,Italian,1891552,+1:04.822,23,1:11.363,2023,9,Austrian Grand Prix,sprint,8
21,17,17,0,14,24,Finished,de_vries,21,DEV,http://en.wikipedia.org/wiki/Nyck_de_Vries,Nyck,de Vries,1995-02-06,Dutch,alphatauri,http://en.wikipedia.org/wiki/Scuderia_AlphaTauri,AlphaTauri,Italian,1892347,+1:05.617,22,1:11.701,2023,9,Austrian Grand Prix,sprint,10
2,18,18,0,20,24,Finished,sargeant,2,SAR,http://en.wikipedia.org/wiki/Logan_Sargeant,Logan,Sargeant,2000-12-31,American,williams,http://en.wikipedia.org/wiki/Williams_Grand_Prix_Engineering,Williams,British,1892789,+1:06.059,21,1:11.829,2023,9,Austrian Grand Prix,sprint,11
24,19,19,0,16,24,Finished,zhou,24,ZHO,http://en.wikipedia.org/wiki/Zhou_Guanyu,Guanyu,Zhou,1999-05-30,Chinese,alfa,http://en.wikipedia.org/wiki/Alfa_Romeo_in_Formula_One,Alfa Romeo,Swiss,1897555,+1:10.825,22,1:11.305,2023,9,Austrian Grand Prix,sprint,7
77,20,20,0,19,24,Finished,bottas,77,BOT,http://en.wikipedia.org/wiki/Valtteri_Bottas,Valtteri,Bottas,1989-08-28,Finnish,alfa,http://en.wikipedia.org/wiki/Alfa_Romeo_in_Formula_One,Alfa Romeo,Swiss,1903165,+1:16.435,22,1:16.758,2023,9,Austrian Grand Prix,sprint,20
1,1,1,8,1,11,Finished,max_verstappen,33,VER,http://en.wikipedia.org/wiki/Max_Verstappen,Max,Verstappen,1997-09-30,Dutch,red_bull,http://en.wikipedia.org/wiki/Red_Bull_Racing,Red Bull,Austrian,1498433,24:58.433,6,1:58.943,2023,12,Belgian Grand Prix,sprint,
81,2,2,7,2,11,Finished,piastri,81,PIA,http://en.wikipedia.org/wiki/Oscar_Piastri,Oscar,Piastri,2001-04-06,Australian,mclaren,http://en.wikipedia.org/wiki/McLaren,McLaren,British,1505110,+6.677,2,2:00.360,2023,12,Belgian Grand Prix,sprint,
10,3,3,6,6,11,Finished,gasly,10,GAS,http://en.wikipedia.org/wiki/Pierre_Gasly,Pierre,Gasly,1996-02-07,French,alpine,http://en.wikipedia.org/wiki/Alpine_F1_Team,Alpine F1 Team,French,1509166,+10.733,6,2:01.857,2023,12,Belgian Grand Prix,sprint,
55,4,4,5,3,11,Finished,sainz,55,SAI,http://en.wikipedia.org/wiki/Carlos_Sainz_Jr.,Carlos,Sainz,1994-09-01,Spanish,ferrari,http://en.wikipedia.org/wiki/Scuderia_Ferrari,Ferrari,Italian,1511081,+12.648,7,2:01.472,2023,12,Belgian Grand Prix,sprint,
16,5,5,4,4,11,Finished,leclerc,16,LEC,http://en.wikipedia.org/wiki/Charles_Leclerc,Charles,Leclerc,1997-10-16,Monegasque,ferrari,http://en.wikipedia.org/wiki/Scuderia_Ferrari,Ferrari,Italian,1513449,+15.016,7,2:02.635,2023,12,Belgian Grand Prix,sprint,
4,6,6,3,5,11,Finished,norris,4,NOR,http://en.wikipedia.org/wiki/Lando_Norris,Lando,Norris,1999-11-13,British,mclaren,http://en.wikipedia.org/wiki/McLaren,McLaren,British,1514485,+16.052,8,2:02.085,2023,12,Belgian Grand Prix,sprint,
44,7,7,2,7,11,Finished,hamilton,44,HAM,http://en.wikipedia.org/wiki/Lewis_Hamilton,Lewis,Hamilton,1985-01-07,British,mercedes,http://en.wikipedia.org/wiki/Mercedes-Benz_in_Formula_One,Mercedes,German,1515190,+16.757,7,2:00.920,2023,12,Belgian Grand Prix,sprint,
63,8,8,1,10,11,Finished,russell,63,RUS,http://en.wikipedia.org/wiki/George_Russell_(racing_driver),George,Russell,1998-02-15,British,mercedes,http://en.wikipedia.org/wiki/Mercedes-Benz_in_Formula_One,Mercedes,German,1515255,+16.822,10,2:01.935,2023,12,Belgian Grand Prix,sprint,
31,9,9,0,9,11,Finished,ocon,31,OCO,http://en.wikipedia.org/wiki/Esteban_Ocon,Esteban,Ocon,1996-09-17,French,alpine,http://en.wikipedia.org/wiki/Alpine_F1_Team,Alpine F1 Team,French,1520843,+22.410,6,2:03.061,2023,12,Belgian Grand Prix,sprint,
3,10,10,0,11,11,Finished,ricciardo,3,RIC,http://en.wikipedia.org/wiki/Daniel_Ricciardo,Daniel,Ricciardo,1989-07-01,Australian,alphatauri,http://en.wikipedia.org/wiki/Scuderia_AlphaTauri,AlphaTauri,Italian,1521239,+22.806,8,2:02.967,2023,12,Belgian Grand Prix,sprint,
18,11,11,0,14,11,Finished,stroll,18,STR,http://en.wikipedia.org/wiki/Lance_Stroll,Lance,Stroll,1998-10-29,Canadian,aston_martin,http://en.wikipedia.org/wiki/Aston_Martin_in_Formula_One,Aston Martin,British,1523440,+25.007,6,2:03.356,2023,12,Belgian Grand Prix,sprint,
23,12,12,0,12,11,Finished,albon,23,ALB,http://en.wikipedia.org/wiki/Alexander_Albon,Alexander,Albon,1996-03-23,Thai,williams,http://en.wikipedia.org/wiki/Williams_Grand_Prix_Engineering,Williams,British,1524736,+26.303,6,2:03.674,2023,12,Belgian Grand Prix,sprint,
77,13,13,0,17,11,Finished,bottas,77,BOT,http://en.wikipedia.org/wiki/Valtteri_Bottas,Valtteri,Bottas,1989-08-28,Finnish,alfa,http://en.wikipedia.org/wiki/Alfa_Romeo_in_Formula_One,Alfa Romeo,Swiss,1525439,+27.006,6,2:03.595,2023,12,Belgian Grand Prix,sprint,
20,14,14,0,18,11,Finished,kevin_magnussen,20,MAG,http://en.wikipedia.org/wiki/Kevin_Magnussen,Kevin,Magnussen,1992-10-05,Danish,haas,http://en.wikipedia.org/wiki/Haas_F1_Team,Haas F1 Team,American,1531419,+32.986,6,2:03.965,2023,12,Belgian Grand Prix,sprint,
24,15,15,0,19,11,Finished,zhou,24,ZHO,http://en.wikipedia.org/wiki/Zhou_Guanyu,Guanyu,Zhou,1999-05-30,Chinese,alfa,http://en.wikipedia.org/wiki/Alfa_Romeo_in_Formula_One,Alfa Romeo,Swiss,1534775,+36.342,6,2:04.760,2023,12,Belgian Grand Prix,sprint,
2,16,16,0,13,11,Finished,sargeant,2,SAR,http://en.wikipedia.org/wiki/Logan_Sargeant,Logan,Sargeant,2000-12-31,American,williams,http://en.wikipedia.org/wiki/Williams_Grand_Prix_Engineering,Williams,British,1536004,+37.571,6,2:03.482,2023,12,Belgian Grand Prix,sprint,
27,17,17,0,20,11,Finished,hulkenberg,27,HUL,http://en.wikipedia.org/wiki/Nico_H%C3%BClkenberg,Nico,Hülkenberg,1987-08-19,German,haas,http://en.wikipedia.org/wiki/Haas_F1_Team,Haas F1 Team,American,1536260,+37.827,6,2:03.472,2023,12,Belgian Grand Prix,sprint,
22,18,18,0,16,11,Finished,tsunoda,22,TSU,http://en.wikipedia.org/wiki/Yuki_Tsunoda,Yuki,Tsunoda,2000-05-11,Japanese,alphatauri,http://en.wikipedia.org/wiki/Scuderia_AlphaTauri,AlphaTauri,Italian,1537700,+39.267,7,2:02.080,2023,12,Belgian Grand Prix,sprint,
11,19,R,0,8,8,Collision damage,perez,11,PER,http://en.wikipedia.org/wiki/Sergio_P%C3%A9rez,Sergio,Pérez,1990-01-26,Mexican,red_bull,http://en.wikipedia.org/wiki/Red_Bull_Racing,Red Bull,Austrian,,,2,2:02.516,2023,12,Belgian Grand Prix,sprint,
14,20,R,0,15,2,Accident,alonso,14,ALO,http://en.wikipedia.org/wiki/Fernando_Alonso,Fernando,Alonso,1981-07-29,Spanish,aston_martin,http://en.wikipedia.org/wiki/Aston_Martin_in_Formula_One,Aston Martin,British,,,,,2023,12,Belgian Grand Prix,sprint,
81,1,1,8,1,19,Finished,piastri,81,PIA,http://en.wikipedia.org/wiki/Oscar_Piastri,Oscar,Piastri,2001-04-06,Australian,mclaren,http://en.wikipedia.org/wiki/McLaren,McLaren,British,2101297,35:01.297,17,1:25.926,2023,17,Qatar Grand Prix,sprint,
1,2,2,7,3,19,Finished,max_verstappen,33,VER,http://en.wikipedia.org/wiki/Max_Verstappen,Max,Verstappen,1997-09-30,Dutch,red_bull,http://en.wikipedia.org/wiki/Red_Bull_Racing,Red Bull,Austrian,2103168,+1.871,17,1:25.604,2023,17,Qatar Grand Prix,sprint,
4,3,3,6,2,19,Finished,norris,4,NOR,http://en.wikipedia.org/wiki/Lando_Norris,Lando,Norris,1999-11-13,British,mclaren,http://en.wikipedia.org/wiki/McLaren,McLaren,British,2109794,+8.497,19,1:25.662,2023,17,Qatar Grand Prix,sprint,
63,4,4,5,4,19,Finished,russell,63,RUS,http://en.wikipedia.org/wiki/George_Russell_(racing_driver),George,Russell,1998-02-15,British,mercedes,http://en.wikipedia.org/wiki/Mercedes-Benz_in_Formula_One,Mercedes,German,2112333,+11.036,18,1:27.220,2023,17,Qatar Grand Prix,sprint,
44,5,5,4,12,19,Finished,hamilton,44,HAM,http://en.wikipedia.org/wiki/Lewis_Hamilton,Lewis,Hamilton,1985-01-07,British,mercedes,http://en.wikipedia.org/wiki/Mercedes-Benz_in_Formula_One,Mercedes,German,2118611,+17.314,19,1:27.968,2023,17,Qatar Grand Prix,sprint,
55,6,6,3,5,19,Finished,sainz,55,SAI,http://en.wikipedia.org/wiki/Carlos_Sainz_Jr.,Carlos,Sainz,1994-09-01,Spanish,ferrari,http://en.wikipedia.org/wiki/Scuderia_Ferrari,Ferrari,Italian,2120103,+18.806,7,1:28.644,2023,17,Qatar Grand Prix,sprint,
23,7,7,2,17,19,Finished,albon,23,ALB,http://en.wikipedia.org/wiki/Alexander_Albon,Alexander,Albon,1996-03-23,Thai,williams,http://en.wikipedia.org/wiki/Williams_Grand_Prix_Engineering,Williams,British,2121161,+19.864,16,1:28.717,2023,17,Qatar Grand Prix,sprint,
14,8,8,1,9,19,Finished,alonso,14,ALO,http://en.wikipedia.org/wiki/Fernando_Alonso,Fernando,Alonso,1981-07-29,Spanish,aston_martin,http://en.wikipedia.org/wiki/Aston_Martin_in_Formula_One,Aston Martin,British,2122477,+21.180,16,1:28.717,2023,17,Qatar Grand Prix,sprint,
10,9,9,0,11,19,Finished,gasly,10,GAS,http://en.wikipedia.org/wiki/Pierre_Gasly,Pierre,Gasly,1996-02-07,French,alpine,http://en.wikipedia.org/wiki/Alpine_F1_Team,Alpine F1 Team,French,2123039,+21.742,16,1:28.769,2023,17,Qatar Grand Prix,sprint,
77,10,10,0,13,19,Finished,bottas,77,BOT,http://en.wikipedia.org/wiki/Valtteri_Bottas,Valtteri,Bottas,1989-08-28,Finnish,alfa,http://en.wikipedia.org/wiki/Alfa_Romeo_in_Formula_One,Alfa Romeo,Swiss,2123505,+22.208,17,1:29.017,2023,17,Qatar Grand Prix,sprint,
22,11,11,0,18,19,Finished,tsunoda,22,TSU,http://en.wikipedia.org/wiki/Yuki_Tsunoda,Yuki,Tsunoda,2000-05-11,Japanese,alphatauri,http://en.wikipedia.org/wiki/Scuderia_AlphaTauri,AlphaTauri,Italian,2124160,+22.863,17,1:29.381,2023,17,Qatar Grand Prix,sprint,
16,12,12,0,6,19,Finished,leclerc,16,LEC,http://en.wikipedia.org/wiki/Charles_Leclerc,Charles,Leclerc,1997-10-16,Monegasque,ferrari,http://en.wikipedia.org/wiki/Scuderia_Ferrari,Ferrari,Italian,2126157,+24.860,8,1:28.759,2023,17,Qatar Grand Prix,sprint,
18,13,13,0,16,19,Finished,stroll,18,STR,http://en.wikipedia.org/wiki/Lance_Stroll,Lance,Stroll,1998-10-29,Canadian,aston_martin,http://en.wikipedia.org/wiki/Aston_Martin_in_Formula_One,Aston Martin,British,2125820,+24.523,17,1:29.536,2023,17,Qatar Grand Prix,sprint,
20,14,14,0,19,19,Finished,kevin_magnussen,20,MAG,http://en.wikipedia.org/wiki/Kevin_Magnussen,Kevin,Magnussen,1992-10-05,Danish,haas,http://en.wikipedia.org/wiki/Haas_F1_Team,Haas F1 Team,American,2126267,+24.970,17,1:29.560,2023,17,Qatar Grand Prix,sprint,
24,15,15,0,15,19,Finished,zhou,24,ZHO,http://en.wikipedia.org/wiki/Zhou_Guanyu,Guanyu,Zhou,1999-05-30,Chinese,alfa,http://en.wikipedia.org/wiki/Alfa_Romeo_in_Formula_One,Alfa Romeo,Swiss,2128165,+26.868,17,1:29.553,2023,17,Qatar Grand Prix,sprint,
27,16,R,0,7,11,Retired,hulkenberg,27,HUL,http://en.wikipedia.org/wiki/Nico_H%C3%BClkenberg,Nico,Hülkenberg,1987-08-19,German,haas,http://en.wikipedia.org/wiki/Haas_F1_Team,Haas F1 Team,American,,,9,1:29.307,2023,17,Qatar Grand Prix,sprint,
31,17,R,0,10,10,Retired,ocon,31,OCO,http://en.wikipedia.org/wiki/Esteban_Ocon,Esteban,Ocon,1996-09-17,French,alpine,http://en.wikipedia.org/wiki/Alpine_F1_Team,Alpine F1 Team,French,,,8,1:29.388,2023,17,Qatar Grand Prix,sprint,
11,18,R,0,8,10,Retired,perez,11,PER,http://en.wikipedia.org/wiki/Sergio_P%C3%A9rez,Sergio,Pérez,1990-01-26,Mexican,red_bull,http://en.wikipedia.org/wiki/Red_Bull_Racing,Red Bull,Austrian,,,9,1:28.584,2023,17,Qatar Grand Prix,sprint,
2,19,R,0,20,2,Retired,sargeant,2,SAR,http://en.wikipedia.org/wiki/Logan_Sargeant,Logan,Sargeant,2000-12-31,American,williams,http://en.wikipedia.org/wiki/Williams_Grand_Prix_Engineering,Williams,British,,,2,2:03.562,2023,17,Qatar Grand Prix,sprint,
40,20,R,0,14,0,Retired,lawson,30,LAW,http://en.wikipedia.org/wiki/Liam_Lawson,Liam,Lawson,2002-02-11,New Zealander,alphatauri,http://en.wikipedia.org/wiki/Scuderia_AlphaTauri,AlphaTauri,Italian,,,,,2023,17,Qatar Grand Prix,sprint,
1,1,1,8,1,19,Finished,max_verstappen,33,VER,http://en.wikipedia.org/wiki/Max_Verstappen,Max,Verstappen,1997-09-30,Dutch,red_bull,http://en.wikipedia.org/wiki/Red_Bull_Racing,Red Bull,Austrian,1890849,31:30.849,2,1:39.060,2023,18,United States Grand Prix,sprint,
44,2,2,7,3,19,Finished,hamilton,44,HAM,http://en.wikipedia.org/wiki/Lewis_Hamilton,Lewis,Hamilton,1985-01-07,British,mercedes,http://en.wikipedia.org/wiki/Mercedes-Benz_in_Formula_One,Mercedes,German,1900314,+9.465,3,1:39.138,2023,18,United States Grand Prix,sprint,
16,3,3,6,2,19,Finished,leclerc,16,LEC,http://en.wikipedia.org/wiki/Charles_Leclerc,Charles,Leclerc,1997-10-16,Monegasque,ferrari,http://en.wikipedia.org/wiki/Scuderia_Ferrari,Ferrari,Italian,1908836,+17.987,3,1:39.634,2023,18,United States Grand Prix,sprint,
4,4,4,5,4,19,Finished,norris,4,NOR,http://en.wikipedia.org/wiki/Lando_Norris,Lando,Norris,1999-11-13,British,mclaren,http://en.wikipedia.org/wiki/McLaren,McLaren,British,1909712,+18.863,15,1:39.795,2023,18,United States Grand Prix,sprint,
11,5,5,4,7,19,Finished,perez,11,PER,http://en.wikipedia.org/wiki/Sergio_P%C3%A9rez,Sergio,Pérez,1990-01-26,Mexican,red_bull,http://en.wikipedia.org/wiki/Red_Bull_Racing,Red Bull,Austrian,1913777,+22.928,6,1:39.824,2023,18,United States Grand Prix,sprint,
55,6,6,3,6,19,Finished,sainz,55,SAI,http://en.wikipedia.org/wiki/Carlos_Sainz_Jr.,Carlos,Sainz,1994-09-01,Spanish,ferrari,http://en.wikipedia.org/wiki/Scuderia_Ferrari,Ferrari,Italian,1919156,+28.307,5,1:40.223,2023,18,United States Grand Prix,sprint,
10,7,7,2,9,19,Finished,gasly,10,GAS,http://en.wikipedia.org/wiki/Pierre_Gasly,Pierre,Gasly,1996-02-07,French,alpine,http://en.wikipedia.org/wiki/Alpine_F1_Team,Alpine F1 Team,French,1923252,+32.403,5,1:40.155,2023,18,United States Grand Prix,sprint,
63,8,8,1,11,19,Finished,russell,63,RUS,http://en.wikipedia.org/wiki/George_Russell_(racing_driver),George,Russell,1998-02-15,British,mercedes,http://en.wikipedia.org/wiki/Mercedes-Benz_in_Formula_One,Mercedes,German,1925099,+34.250,10,1:40.253,2023,18,United States Grand Prix,sprint,
23,9,9,0,8,19,Finished,albon,23,ALB,http://en.wikipedia.org/wiki/Alexander_Albon,Alexander,Albon,1996-03-23,Thai,williams,http://en.wikipedia.org/wiki/Williams_Grand_Prix_Engineering,Williams,British,1925416,+34.567,17,1:40.094,2023,18,United States Grand Prix,sprint,
81,10,10,0,5,19,Finished,piastri,81,PIA,http://en.wikipedia.org/wiki/Oscar_Piastri,Oscar,Piastri,2001-04-06,Australian,mclaren,http://en.wikipedia.org/wiki/McLaren,McLaren,British,1933252,+42.403,16,1:41.037,2023,18,United States Grand Prix,sprint,
31,11,11,0,13,19,Finished,ocon,31,OCO,http://en.wikipedia.org/wiki/Esteban_Ocon,Esteban,Ocon,1996-09-17,French,alpine,http://en.wikipedia.org/wiki/Alpine_F1_Team,Alpine F1 Team,French,1935835,+44.986,15,1:41.013,2023,18,United States Grand Prix,sprint,
3,12,12,0,10,19,Finished,ricciardo,3,RIC,http://en.wikipedia.org/wiki/Daniel_Ricciardo,Daniel,Ricciardo,1989-07-01,Australian,alphatauri,http://en.wikipedia.org/wiki/Scuderia_AlphaTauri,AlphaTauri,Italian,1936358,+45.509,14,1:40.434,2023,18,United States Grand Prix,sprint,
14,13,13,0,12,19,Finished,alonso,14,ALO,http://en.wikipedia.org/wiki/Fernando_Alonso,Fernando,Alonso,1981-07-29,Spanish,aston_martin,http://en.wikipedia.org/wiki/Aston_Martin_in_Formula_One,Aston Martin,British,1939935,+49.086,16,1:40.805,2023,18,United States Grand Prix,sprint,
22,14,14,0,19,19,Finished,tsunoda,22,TSU,http://en.wikipedia.org/wiki/Yuki_Tsunoda,Yuki,Tsunoda,2000-05-11,Japanese,alphatauri,http://en.wikipedia.org/wiki/Scuderia_AlphaTauri,AlphaTauri,Italian,1940582,+49.733,17,1:40.632,2023,18,United States Grand Prix,sprint,
27,15,15,0,16,19,Finished,hulkenberg,27,HUL,http://en.wikipedia.org/wiki/Nico_H%C3%BClkenberg,Nico,Hülkenberg,1987-08-19,German,haas,http://en.wikipedia.org/wiki/Haas_F1_Team,Haas F1 Team,American,1947499,+56.650,18,1:41.232,2023,18,United States Grand Prix,sprint,
77,16,16,0,18,19,Finished,bottas,77,BOT,http://en.wikipedia.org/wiki/Valtteri_Bottas,Valtteri,Bottas,1989-08-28,Finnish,alfa,http://en.wikipedia.org/wiki/Alfa_Romeo_in_Formula_One,Alfa Romeo,Swiss,1955250,+1:04.401,18,1:41.503,2023,18,United States Grand Prix,sprint,
24,17,17,0,15,19,Finished,zhou,24,ZHO,http://en.wikipedia.org/wiki/Zhou_Guanyu,Guanyu,Zhou,1999-05-30,Chinese,alfa,http://en.wikipedia.org/wiki/Alfa_Romeo_in_Formula_One,Alfa Romeo,Swiss,1958821,+1:07.972,18,1:41.595,2023,18,United States Grand Prix,sprint,
20,18,18,0,17,19,Finished,kevin_magnussen,20,MAG,http://en.wikipedia.org/wiki/Kevin_Magnussen,Kevin,Magnussen,1992-10-05,Danish,haas,http://en.wikipedia.org/wiki/Haas_F1_Team,Haas F1 Team,American,1961971,+1:11.122,3,1:41.699,2023,18,United States Grand Prix,sprint,
2,19,19,0,20,19,Finished,sargeant,2,SAR,http://en.wikipedia.org/wiki/Logan_Sargeant,Logan,Sargeant,2000-12-31,American,williams,http://en.wikipedia.org/wiki/Williams_Grand_Prix_Engineering,Williams,British,1962298,+1:11.449,6,1:41.947,2023,18,United States Grand Prix,sprint,
18,20,R,0,14,16,Brakes,stroll,18,STR,http://en.wikipedia.org/wiki/Lance_Stroll,Lance,Stroll,1998-10-29,Canadian,aston_martin,http://en.wikipedia.org/wiki/Aston_Martin_in_Formula_One,Aston Martin,British,,,5,1:41.460,2023,18,United States Grand Prix,sprint,
1,1,1,8,2,24,Finished,max_verstappen,33,VER,http://en.wikipedia.org/wiki/Max_Verstappen,Max,Verstappen,1997-09-30,Dutch,red_bull,http://en.wikipedia.org/wiki/Red_Bull_Racing,Red Bull,Austrian,1807209,30:07.209,3,1:14.540,2023,20,São Paulo Grand Prix,sprint,
4,2,2,7,1,24,Finished,norris,4,NOR,http://en.wikipedia.org/wiki/Lando_Norris,Lando,Norris,1999-11-13,British,mclaren,http://en.wikipedia.org/wiki/McLaren,McLaren,British,1811496,+4.287,3,1:14.647,2023,20,São Paulo Grand Prix,sprint,
11,3,3,6,3,24,Finished,perez,11,PER,http://en.wikipedia.org/wiki/Sergio_P%C3%A9rez,Sergio,Pérez,1990-01-26,Mexican,red_bull,http://en.wikipedia.org/wiki/Red_Bull_Racing,Red Bull,Austrian,1820826,+13.617,2,1:15.008,2023,20,São Paulo Grand Prix,sprint,
63,4,4,5,4,24,Finished,russell,63,RUS,http://en.wikipedia.org/wiki/George_Russell_(racing_driver),George,Russell,1998-02-15,British,mercedes,http://en.wikipedia.org/wiki/Mercedes-Benz_in_Formula_One,Mercedes,German,1833088,+25.879,2,1:14.422,2023,20,São Paulo Grand Prix,sprint,
16,5,5,4,7,24,Finished,leclerc,16,LEC,http://en.wikipedia.org/wiki/Charles_Leclerc,Charles,Leclerc,1997-10-16,Monegasque,ferrari,http://en.wikipedia.org/wiki/Scuderia_Ferrari,Ferrari,Italian,1835769,+28.560,3,1:15.411,2023,20,São Paulo Grand Prix,sprint,
22,6,6,3,6,24,Finished,tsunoda,22,TSU,http://en.wikipedia.org/wiki/Yuki_Tsunoda,Yuki,Tsunoda,2000-05-11,Japanese,alphatauri,http://en.wikipedia.org/wiki/Scuderia_AlphaTauri,AlphaTauri,Italian,1836419,+29.210,2,1:15.532,2023,20,São Paulo Grand Prix,sprint,
44,7,7,2,5,24,Finished,hamilton,44,HAM,http://en.wikipedia.org/wiki/Lewis_Hamilton,Lewis,Hamilton,1985-01-07,British,mercedes,http://en.wikipedia.org/wiki/Mercedes-Benz_in_Formula_One,Mercedes,German,1841935,+34.726,2,1:15.276,2023,20,São Paulo Grand Prix,sprint,
55,8,8,1,9,24,Finished,sainz,55,SAI,http://en.wikipedia.org/wiki/Carlos_Sainz_Jr.,Carlos,Sainz,1994-09-01,Spanish,ferrari,http://en.wikipedia.org/wiki/Scuderia_Ferrari,Ferrari,Italian,1842315,+35.106,3,1:15.362,2023,20,São Paulo Grand Prix,sprint,
3,9,9,0,8,24,Finished,ricciardo,3,RIC,http://en.wikipedia.org/wiki/Daniel_Ricciardo,Daniel,Ricciardo,1989-07-01,Australian,alphatauri,http://en.wikipedia.org/wiki/Scuderia_AlphaTauri,AlphaTauri,Italian,1842512,+35.303,2,1:15.460,2023,20,São Paulo Grand Prix,sprint,
81,10,10,0,10,24,Finished,piastri,81,PIA,http://en.wikipedia.org/wiki/Oscar_Piastri,Oscar,Piastri,2001-04-06,Australian,mclaren,http://en.wikipedia.org/wiki/McLaren,McLaren,British,1845428,+38.219,2,1:15.463,2023,20,São Paulo Grand Prix,sprint,
14,11,11,0,15,24,Finished,alonso,14,ALO,http://en.wikipedia.org/wiki/Fernando_Alonso,Fernando,Alonso,1981-07-29,Spanish,aston_martin,http://en.wikipedia.org/wiki/Aston_Martin_in_Formula_One,Aston Martin,British,1846270,+39.061,4,1:15.477,2023,20,São Paulo Grand Prix,sprint,
18,12,12,0,17,24,Finished,stroll,18,STR,http://en.wikipedia.org/wiki/Lance_Stroll,Lance,Stroll,1998-10-29,Canadian,aston_martin,http://en.wikipedia.org/wiki/Aston_Martin_in_Formula_One,Aston Martin,British,1846687,+39.478,3,1:15.467,2023,20,São Paulo Grand Prix,sprint,
10,13,13,0,13,24,Finished,gasly,10,GAS,http://en.wikipedia.org/wiki/Pierre_Gasly,Pierre,Gasly,1996-02-07,French,alpine,http://en.wikipedia.org/wiki/Alpine_F1_Team,Alpine F1 Team,French,1847830,+40.621,3,1:15.209,2023,20,São Paulo Grand Prix,sprint,
31,14,14,0,16,24,Finished,ocon,31,OCO,http://en.wikipedia.org/wiki/Esteban_Ocon,Esteban,Ocon,1996-09-17,French,alpine,http://en.wikipedia.org/wiki/Alpine_F1_Team,Alpine F1 Team,French,1850057,+42.848,3,1:15.536,2023,20,São Paulo Grand Prix,sprint,
23,15,15,0,19,24,Finished,albon,23,ALB,http://en.wikipedia.org/wiki/Alexander_Albon,Alexander,Albon,1996-03-23,Thai,williams,http://en.wikipedia.org/wiki/Williams_Grand_Prix_Engineering,Williams,British,1850603,+43.394,3,1:15.598,2023,20,São Paulo Grand Prix,sprint,
20,16,16,0,11,24,Finished,kevin_magnussen,20,MAG,http://en.wikipedia.org/wiki/Kevin_Magnussen,Kevin,Magnussen,1992-10-05,Danish,haas,http://en.wikipedia.org/wiki/Haas_F1_Team,Haas F1 Team,American,1863716,+56.507,3,1:15.464,2023,20,São Paulo Grand Prix,sprint,
24,17,17,0,18,24,Finished,zhou,24,ZHO,http://en.wikipedia.org/wiki/Zhou_Guanyu,Guanyu,Zhou,1999-05-30,Chinese,alfa,http://en.wikipedia.org/wiki/Alfa_Romeo_in_Formula_One,Alfa Romeo,Swiss,1865932,+58.723,3,1:15.837,2023,20,São Paulo Grand Prix,sprint,
27,18,18,0,12,24,Finished,hulkenberg,27,HUL,http://en.wikipedia.org/wiki/Nico_H%C3%BClkenberg,Nico,Hülkenberg,1987-08-19,German,haas,http://en.wikipedia.org/wiki/Haas_F1_Team,Haas F1 Team,American,1867539,+1:00.330,3,1:15.472,2023,20,São Paulo Grand Prix,sprint,
77,19,19,0,14,24,Finished,bottas,77,BOT,http://en.wikipedia.org/wiki/Valtteri_Bottas,Valtteri,Bottas,1989-08-28,Finnish,alfa,http://en.wikipedia.org/wiki/Alfa_Romeo_in_Formula_One,Alfa Romeo,Swiss,1867958,+1:00.749,3,1:15.738,2023,20,São Paulo Grand Prix,sprint,
2,20,20,0,20,24,Finished,sargeant,2,SAR,http://en.wikipedia.org/wiki/Logan_Sargeant,Logan,Sargeant,2000-12-31,American,williams,http://en.wikipedia.org/wiki/Williams_Grand_Prix_Engineering,Williams,British,1868154,+1:00.945,4,1:15.496,2023,20,São Paulo Grand Prix,sprint,
1,1,1,8,4,19,Finished,max_verstappen,33,VER,http://en.wikipedia.org/wiki/Max_Verstappen,Max,Verstappen,1997-09-30,Dutch,red_bull,http://en.wikipedia.org/wiki/Red_Bull_Racing,Red Bull,Austrian,1924660,32:04.660,3,1:40.331,2024,5,Chinese Grand Prix,sprint,1
44,2,2,7,2,19,Finished,hamilton,44,HAM,http://en.wikipedia.org/wiki/Lewis_Hamilton,Lewis,Hamilton,1985-01-07,British,mercedes,http://en.wikipedia.org/wiki/Mercedes-Benz_in_Formula_One,Mercedes,German,1937703,+13.043,3,1:40.420,2024,5,Chinese Grand Prix,sprint,2
11,3,3,6,6,19,Finished,perez,11,PER,http://en.wikipedia.org/wiki/Sergio_P%C3%A9rez,Sergio,Pérez,1990-01-26,Mexican,red_bull,http://en.wikipedia.org/wiki/Red_Bull_Racing,Red Bull,Austrian,1939918,+15.258,4,1:41.065,2024,5,Chinese Grand Prix,sprint,7
16,4,4,5,7,19,Finished,leclerc,16,LEC,http://en.wikipedia.org/wiki/Charles_Leclerc,Charles,Leclerc,1997-10-16,Monegasque,ferrari,http://en.wikipedia.org/wiki/Scuderia_Ferrari,Ferrari,Italian,1942146,+17.486,4,1:41.003,2024,5,Chinese Grand Prix,sprint,6
55,5,5,4,5,19,Finished,sainz,55,SAI,http://en.wikipedia.org/wiki/Carlos_Sainz_Jr.,Carlos,Sainz,1994-09-01,Spanish,ferrari,http://en.wikipedia.org/wiki/Scuderia_Ferrari,Ferrari,Italian,1945356,+20.696,4,1:40.962,2024,5,Chinese Grand Prix,sprint,5
4,6,6,3,1,19,Finished,norris,4,NOR,http://en.wikipedia.org/wiki/Lando_Norris,Lando,Norris,1999-11-13,British,mclaren,http://en.wikipedia.org/wiki/McLaren,McLaren,British,1946748,+22.088,4,1:40.951,2024,5,Chinese Grand Prix,sprint,4
81,7,7,2,8,19,Finished,piastri,81,PIA,http://en.wikipedia.org/wiki/Oscar_Piastri,Oscar,Piastri,2001-04-06,Australian,mclaren,http://en.wikipedia.org/wiki/McLaren,McLaren,British,1949373,+24.713,3,1:41.107,2024,5,Chinese Grand Prix,sprint,8
63,8,8,1,11,19,Finished,russell,63,RUS,http://en.wikipedia.org/wiki/George_Russell_(racing_driver),George,Russell,1998-02-15,British,mercedes,http://en.wikipedia.org/wiki/Mercedes-Benz_in_Formula_One,Mercedes,German,1950356,+25.696,5,1:41.505,2024,5,Chinese Grand Prix,sprint,10
24,9,9,0,10,19,Finished,zhou,24,ZHO,http://en.wikipedia.org/wiki/Zhou_Guanyu,Guanyu,Zhou,1999-05-30,Chinese,sauber,http://en.wikipedia.org/wiki/Sauber_Motorsport,Sauber,Swiss,1956611,+31.951,4,1:41.502,2024,5,Chinese Grand Prix,sprint,9
20,10,10,0,12,19,Finished,kevin_magnussen,20,MAG,http://en.wikipedia.org/wiki/Kevin_Magnussen,Kevin,Magnussen,1992-10-05,Danish,haas,http://en.wikipedia.org/wiki/Haas_F1_Team,Haas F1 Team,American,1962058,+37.398,5,1:42.092,2024,5,Chinese Grand Prix,sprint,13
3,11,11,0,14,19,Finished,ricciardo,3,RIC,http://en.wikipedia.org/wiki/Daniel_Ricciardo,Daniel,Ricciardo,1989-07-01,Australian,rb,http://en.wikipedia.org/wiki/RB_Formula_One_Team,RB F1 Team,Italian,1962500,+37.840,6,1:42.234,2024,5,Chinese Grand Prix,sprint,16
77,12,12,0,9,19,Finished,bottas,77,BOT,http://en.wikipedia.org/wiki/Valtteri_Bottas,Valtteri,Bottas,1989-08-28,Finnish,sauber,http://en.wikipedia.org/wiki/Sauber_Motorsport,Sauber,Swiss,1962955,+38.295,6,1:42.140,2024,5,Chinese Grand Prix,sprint,14
31,13,13,0,17,19,Finished,ocon,31,OCO,http://en.wikipedia.org/wiki/Esteban_Ocon,Esteban,Ocon,1996-09-17,French,alpine,http://en.wikipedia.org/wiki/Alpine_F1_Team,Alpine F1 Team,French,1964501,+39.841,4,1:42.191,2024,5,Chinese Grand Prix,sprint,15
18,14,14,0,15,19,Finished,stroll,18,STR,http://en.wikipedia.org/wiki/Lance_Stroll,Lance,Stroll,1998-10-29,Canadian,aston_martin,http://en.wikipedia.org/wiki/Aston_Martin_in_Formula_One,Aston Martin,British,1964959,+40.299,5,1:42.258,2024,5,Chinese Grand Prix,sprint,17
10,15,15,0,16,19,Finished,gasly,10,GAS,http://en.wikipedia.org/wiki/Pierre_Gasly,Pierre,Gasly,1996-02-07,French,alpine,http://en.wikipedia.org/wiki/Alpine_F1_Team,Alpine F1 Team,French,1965498,+40.838,4,1:42.017,2024,5,Chinese Grand Prix,sprint,11
22,16,16,0,19,19,Finished,tsunoda,22,TSU,http://en.wikipedia.org/wiki/Yuki_Tsunoda,Yuki,Tsunoda,2000-05-11,Japanese,rb,http://en.wikipedia.org/wiki/RB_Formula_One_Team,RB F1 Team,Italian,1966530,+41.870,4,1:42.056,2024,5,Chinese Grand Prix,sprint,12
23,17,17,0,18,19,Finished,albon,23,ALB,http://en.wikipedia.org/wiki/Alexander_Albon,Alexander,Albon,1996-03-23,Thai,williams,http://en.wikipedia.org/wiki/Williams_Grand_Prix_Engineering,Williams,British,1967658,+42.998,8,1:42.389,2024,5,Chinese Grand Prix,sprint,19
2,18,18,0,20,19,Finished,sargeant,2,SAR,http://en.wikipedia.org/wiki/Logan_Sargeant,Logan,Sargeant,2000-12-31,American,williams,http://en.wikipedia.org/wiki/Williams_Grand_Prix_Engineering,Williams,British,1971012,+46.352,7,1:42.516,2024,5,Chinese Grand Prix,sprint,20
27,19,19,0,13,19,Finished,hulkenberg,27,HUL,http://en.wikipedia.org/wiki/Nico_H%C3%BClkenberg,Nico,Hülkenberg,1987-08-19,German,haas,http://en.wikipedia.org/wiki/Haas_F1_Team,Haas F1 Team,American,1974290,+49.630,5,1:42.315,2024,5,Chinese Grand Prix,sprint,18
14,20,20,0,3,17,Finished,alonso,14,ALO,http://en.wikipedia.org/wiki/Fernando_Alonso,Fernando,Alonso,1981-07-29,Spanish,aston_martin,http://en.wikipedia.org/wiki/Aston_Martin_in_Formula_One,Aston Martin,British,1779513,+-1:57:34.853,3,1:40.537,2024,5,Chinese Grand Prix,sprint,3
1,1,1,8,1,19,Finished,max_verstappen,33,VER,http://en.wikipedia.org/wiki/Max_Verstappen,Max,Verstappen,1997-09-30,Dutch,red_bull,http://en.wikipedia.org/wiki/Red_Bull_Racing,Red Bull,Austrian,1891383,31:31.383,4,1:30.415,2024,6,Miami Grand Prix,sprint,1
16,2,2,7,2,19,Finished,leclerc,16,LEC,http://en.wikipedia.org/wiki/Charles_Leclerc,Charles,Leclerc,1997-10-16,Monegasque,ferrari,http://en.wikipedia.org/wiki/Scuderia_Ferrari,Ferrari,Italian,1894754,+3.371,4,1:30.807,2024,6,Miami Grand Prix,sprint,2
11,3,3,6,3,19,Finished,perez,11,PER,http://en.wikipedia.org/wiki/Sergio_P%C3%A9rez,Sergio,Pérez,1990-01-26,Mexican,red_bull,http://en.wikipedia.org/wiki/Red_Bull_Racing,Red Bull,Austrian,1896478,+5.095,19,1:30.921,2024,6,Miami Grand Prix,sprint,3
3,4,4,5,4,19,Finished,ricciardo,3,RIC,http://en.wikipedia.org/wiki/Daniel_Ricciardo,Daniel,Ricciardo,1989-07-01,Australian,rb,http://en.wikipedia.org/wiki/RB_Formula_One_Team,RB F1 Team,Italian,1906354,+14.971,4,1:31.505,2024,6,Miami Grand Prix,sprint,5
55,5,5,4,5,19,Finished,sainz,55,SAI,http://en.wikipedia.org/wiki/Carlos_Sainz_Jr.,Carlos,Sainz,1994-09-01,Spanish,ferrari,http://en.wikipedia.org/wiki/Scuderia_Ferrari,Ferrari,Italian,1906605,+15.222,17,1:31.568,2024,6,Miami Grand Prix,sprint,6
81,6,6,3,6,19,Finished,piastri,81,PIA,http://en.wikipedia.org/wiki/Oscar_Piastri,Oscar,Piastri,2001-04-06,Australian,mclaren,http://en.wikipedia.org/wiki/McLaren,McLaren,British,1907133,+15.750,19,1:31.393,2024,6,Miami Grand Prix,sprint,4
27,7,7,2,10,19,Finished,hulkenberg,27,HUL,http://en.wikipedia.org/wiki/Nico_H%C3%BClkenberg,Nico,Hülkenberg,1987-08-19,German,haas,http://en.wikipedia.org/wiki/Haas_F1_Team,Haas F1 Team,American,1913437,+22.054,8,1:31.963,2024,6,Miami Grand Prix,sprint,9
22,8,8,1,15,19,Finished,tsunoda,22,TSU,http://en.wikipedia.org/wiki/Yuki_Tsunoda,Yuki,Tsunoda,2000-05-11,Japanese,rb,http://en.wikipedia.org/wiki/RB_Formula_One_Team,RB F1 Team,Italian,1921199,+29.816,16,1:31.844,2024,6,Miami Grand Prix,sprint,8
10,9,9,0,16,19,Finished,gasly,10,GAS,http://en.wikipedia.org/wiki/Pierre_Gasly,Pierre,Gasly,1996-02-07,French,alpine,http://en.wikipedia.org/wiki/Alpine_F1_Team,Alpine F1 Team,French,1923263,+31.880,6,1:32.148,2024,6,Miami Grand Prix,sprint,12
2,10,10,0,18,19,Finished,sargeant,2,SAR,http://en.wikipedia.org/wiki/Logan_Sargeant,Logan,Sargeant,2000-12-31,American,williams,http://en.wikipedia.org/wiki/Williams_Grand_Prix_Engineering,Williams,British,1925738,+34.355,6,1:32.192,2024,6,Miami Grand Prix,sprint,14
24,11,11,0,17,19,Finished,zhou,24,ZHO,http://en.wikipedia.org/wiki/Zhou_Guanyu,Guanyu,Zhou,1999-05-30,Chinese,sauber,http://en.wikipedia.org/wiki/Sauber_Motorsport,Sauber,Swiss,1926461,+35.078,7,1:32.131,2024,6,Miami Grand Prix,sprint,11
63,12,12,0,11,19,Finished,russell,63,RUS,http://en.wikipedia.org/wiki/George_Russell_(racing_driver),George,Russell,1998-02-15,British,mercedes,http://en.wikipedia.org/wiki/Mercedes-Benz_in_Formula_One,Mercedes,German,1927138,+35.755,8,1:32.173,2024,6,Miami Grand Prix,sprint,13
23,13,13,0,20,19,Finished,albon,23,ALB,http://en.wikipedia.org/wiki/Alexander_Albon,Alexander,Albon,1996-03-23,Thai,williams,http://en.wikipedia.org/wiki/Williams_Grand_Prix_Engineering,Williams,British,1927469,+36.086,6,1:32.223,2024,6,Miami Grand Prix,sprint,16
77,14,14,0,19,19,Finished,bottas,77,BOT,http://en.wikipedia.org/wiki/Valtteri_Bottas,Valtteri,Bottas,1989-08-28,Finnish,sauber,http://en.wikipedia.org/wiki/Sauber_Motorsport,Sauber,Swiss,1928275,+36.892,7,1:32.462,2024,6,Miami Grand Prix,sprint,18
31,15,15,0,13,19,Finished,ocon,31,OCO,http://en.wikipedia.org/wiki/Esteban_Ocon,Esteban,Ocon,1996-09-17,French,alpine,http://en.wikipedia.org/wiki/Alpine_F1_Team,Alpine F1 Team,French,1929123,+37.740,19,1:32.218,2024,6,Miami Grand Prix,sprint,15
44,16,16,0,12,19,Finished,hamilton,44,HAM,http://en.wikipedia.org/wiki/Lewis_Hamilton,Lewis,Hamilton,1985-01-07,British,mercedes,http://en.wikipedia.org/wiki/Mercedes-Benz_in_Formula_One,Mercedes,German,1940730,+49.347,16,1:31.830,2024,6,Miami Grand Prix,sprint,7
14,17,17,0,8,19,Finished,alonso,14,ALO,http://en.wikipedia.org/wiki/Fernando_Alonso,Fernando,Alonso,1981-07-29,Spanish,aston_martin,http://en.wikipedia.org/wiki/Aston_Martin_in_Formula_One,Aston Martin,British,1950792,+59.409,7,1:32.355,2024,6,Miami Grand Prix,sprint,17
20,18,18,0,14,19,Finished,kevin_magnussen,20,MAG,http://en.wikipedia.org/wiki/Kevin_Magnussen,Kevin,Magnussen,1992-10-05,Danish,haas,http://en.wikipedia.org/wiki/Haas_F1_Team,Haas F1 Team,American,1957686,+1:06.303,5,1:32.113,2024,6,Miami Grand Prix,sprint,10
18,19,R,0,7,1,Retired,stroll,18,STR,http://en.wikipedia.org/wiki/Lance_Stroll,Lance,Stroll,1998-10-29,Canadian,aston_martin,http://en.wikipedia.org/wiki/Aston_Martin_in_Formula_One,Aston Martin,British,,,,,2024,6,Miami Grand Prix,sprint,
4,20,R,0,9,0,Retired,norris,4,NOR,http://en.wikipedia.org/wiki/Lando_Norris,Lando,Norris,1999-11-13,British,mclaren,http://en.wikipedia.org/wiki/McLaren,McLaren,British,,,,,2024,6,Miami Grand Prix,sprint,
1,1,1,8,1,23,Finished,max_verstappen,33,VER,http://en.wikipedia.org/wiki/Max_Verstappen,Max,Verstappen,1997-09-30,Dutch,red_bull,http://en.wikipedia.org/wiki/Red_Bull_Racing,Red Bull,Austrian,1601389,26:41.389,8,1:09.013,2024,11,Austrian Grand Prix,sprint,3
81,2,2,7,3,23,Finished,piastri,81,PIA,http://en.wikipedia.org/wiki/Oscar_Piastri,Oscar,Piastri,2001-04-06,Australian,mclaren,http://en.wikipedia.org/wiki/McLaren,McLaren,British,1606005,+4.616,2,1:08.980,2024,11,Austrian Grand Prix,sprint,2
4,3,3,6,2,23,Finished,norris,4,NOR,http://en.wikipedia.org/wiki/Lando_Norris,Lando,Norris,1999-11-13,British,mclaren,http://en.wikipedia.org/wiki/McLaren,McLaren,British,1606737,+5.348,2,1:08.935,2024,11,Austrian Grand Prix,sprint,1
63,4,4,5,4,23,Finished,russell,63,RUS,http://en.wikipedia.org/wiki/George_Russell_(racing_driver),George,Russell,1998-02-15,British,mercedes,http://en.wikipedia.org/wiki/Mercedes-Benz_in_Formula_One,Mercedes,German,1609743,+8.354,4,1:09.194,2024,11,Austrian Grand Prix,sprint,5
55,5,5,4,5,23,Finished,sainz,55,SAI,http://en.wikipedia.org/wiki/Carlos_Sainz_Jr.,Carlos,Sainz,1994-09-01,Spanish,ferrari,http://en.wikipedia.org/wiki/Scuderia_Ferrari,Ferrari,Italian,1611378,+9.989,4,1:09.121,2024,11,Austrian Grand Prix,sprint,4
44,6,6,3,6,23,Finished,hamilton,44,HAM,http://en.wikipedia.org/wiki/Lewis_Hamilton,Lewis,Hamilton,1985-01-07,British,mercedes,http://en.wikipedia.org/wiki/Mercedes-Benz_in_Formula_One,Mercedes,German,1612596,+11.207,5,1:09.265,2024,11,Austrian Grand Prix,sprint,6
16,7,7,2,10,23,Finished,leclerc,16,LEC,http://en.wikipedia.org/wiki/Charles_Leclerc,Charles,Leclerc,1997-10-16,Monegasque,ferrari,http://en.wikipedia.org/wiki/Scuderia_Ferrari,Ferrari,Italian,1614813,+13.424,5,1:09.352,2024,11,Austrian Grand Prix,sprint,7
11,8,8,1,7,23,Finished,perez,11,PER,http://en.wikipedia.org/wiki/Sergio_P%C3%A9rez,Sergio,Pérez,1990-01-26,Mexican,red_bull,http://en.wikipedia.org/wiki/Red_Bull_Racing,Red Bull,Austrian,1618798,+17.409,4,1:09.420,2024,11,Austrian Grand Prix,sprint,8
20,9,9,0,11,23,Finished,kevin_magnussen,20,MAG,http://en.wikipedia.org/wiki/Kevin_Magnussen,Kevin,Magnussen,1992-10-05,Danish,haas,http://en.wikipedia.org/wiki/Haas_F1_Team,Haas F1 Team,American,1625456,+24.067,13,1:09.942,2024,11,Austrian Grand Prix,sprint,9
18,10,10,0,12,23,Finished,stroll,18,STR,http://en.wikipedia.org/wiki/Lance_Stroll,Lance,Stroll,1998-10-29,Canadian,aston_martin,http://en.wikipedia.org/wiki/Aston_Martin_in_Formula_One,Aston Martin,British,1631564,+30.175,11,1:10.260,2024,11,Austrian Grand Prix,sprint,12
31,11,11,0,8,23,Finished,ocon,31,OCO,http://en.wikipedia.org/wiki/Esteban_Ocon,Esteban,Ocon,1996-09-17,French,alpine,http://en.wikipedia.org/wiki/Alpine_F1_Team,Alpine F1 Team,French,1632228,+30.839,9,1:10.254,2024,11,Austrian Grand Prix,sprint,11
10,12,12,0,9,23,Finished,gasly,10,GAS,http://en.wikipedia.org/wiki/Pierre_Gasly,Pierre,Gasly,1996-02-07,French,alpine,http://en.wikipedia.org/wiki/Alpine_F1_Team,Alpine F1 Team,French,1632697,+31.308,10,1:10.168,2024,11,Austrian Grand Prix,sprint,10
22,13,13,0,14,23,Finished,tsunoda,22,TSU,http://en.wikipedia.org/wiki/Yuki_Tsunoda,Yuki,Tsunoda,2000-05-11,Japanese,rb,http://en.wikipedia.org/wiki/RB_Formula_One_Team,RB F1 Team,Italian,1636841,+35.452,5,1:10.363,2024,11,Austrian Grand Prix,sprint,13
3,14,14,0,16,23,Finished,ricciardo,3,RIC,http://en.wikipedia.org/wiki/Daniel_Ricciardo,Daniel,Ricciardo,1989-07-01,Australian,rb,http://en.wikipedia.org/wiki/RB_Formula_One_Team,RB F1 Team,Italian,1640786,+39.397,5,1:10.480,2024,11,Austrian Grand Prix,sprint,15
14,15,15,0,13,23,Finished,alonso,14,ALO,http://en.wikipedia.org/wiki/Fernando_Alonso,Fernando,Alonso,1981-07-29,Spanish,aston_martin,http://en.wikipedia.org/wiki/Aston_Martin_in_Formula_One,Aston Martin,British,1644544,+43.155,5,1:10.393,2024,11,Austrian Grand Prix,sprint,14
2,16,16,0,15,23,Finished,sargeant,2,SAR,http://en.wikipedia.org/wiki/Logan_Sargeant,Logan,Sargeant,2000-12-31,American,williams,http://en.wikipedia.org/wiki/Williams_Grand_Prix_Engineering,Williams,British,1645465,+44.076,6,1:10.488,2024,11,Austrian Grand Prix,sprint,16
23,17,17,0,20,23,Finished,albon,23,ALB,http://en.wikipedia.org/wiki/Alexander_Albon,Alexander,Albon,1996-03-23,Thai,williams,http://en.wikipedia.org/wiki/Williams_Grand_Prix_Engineering,Williams,British,1646062,+44.673,8,1:10.562,2024,11,Austrian Grand Prix,sprint,18
77,18,18,0,18,23,Finished,bottas,77,BOT,http://en.wikipedia.org/wiki/Valtteri_Bottas,Valtteri,Bottas,1989-08-28,Finnish,sauber,http://en.wikipedia.org/wiki/Sauber_Motorsport,Sauber,Swiss,1647900,+46.511,8,1:10.590,2024,11,Austrian Grand Prix,sprint,19
27,19,19,0,17,23,Finished,hulkenberg,27,HUL,http://en.wikipedia.org/wiki/Nico_H%C3%BClkenberg,Nico,Hülkenberg,1987-08-19,German,haas,http://en.wikipedia.org/wiki/Haas_F1_Team,Haas F1 Team,American,1649812,+48.423,4,1:10.512,2024,11,Austrian Grand Prix,sprint,17
24,20,20,0,19,23,Finished,zhou,24,ZHO,http://en.wikipedia.org/wiki/Zhou_Guanyu,Guanyu,Zhou,1999-05-30,Chinese,sauber,http://en.wikipedia.org/wiki/Sauber_Motorsport,Sauber,Swiss,1654532,+53.143,6,1:10.613,2024,11,Austrian Grand Prix,sprint,20
1,1,1,8,1,19,Finished,max_verstappen,33,VER,http://en.wikipedia.org/wiki/Max_Verstappen,Max,Verstappen,1997-09-30,Dutch,red_bull,http://en.wikipedia.org/wiki/Red_Bull_Racing,Red Bull,Austrian,1866146,31:06.146,19,1:37.463,2024,19,United States Grand Prix,sprint,1
55,2,2,7,5,19,Finished,sainz,55,SAI,http://en.wikipedia.org/wiki/Carlos_Sainz_Jr.,Carlos,Sainz,1994-09-01,Spanish,ferrari,http://en.wikipedia.org/wiki/Scuderia_Ferrari,Ferrari,Italian,1870028,+3.882,19,1:37.552,2024,19,United States Grand Prix,sprint,2
4,3,3,6,4,19,Finished,norris,4,NOR,http://en.wikipedia.org/wiki/Lando_Norris,Lando,Norris,1999-11-13,British,mclaren,http://en.wikipedia.org/wiki/McLaren,McLaren,British,1872386,+6.240,17,1:38.045,2024,19,United States Grand Prix,sprint,5
16,4,4,5,3,19,Finished,leclerc,16,LEC,http://en.wikipedia.org/wiki/Charles_Leclerc,Charles,Leclerc,1997-10-16,Monegasque,ferrari,http://en.wikipedia.org/wiki/Scuderia_Ferrari,Ferrari,Italian,1873102,+6.956,11,1:37.748,2024,19,United States Grand Prix,sprint,4
63,5,5,4,2,19,Finished,russell,63,RUS,http://en.wikipedia.org/wiki/George_Russell_(racing_driver),George,Russell,1998-02-15,British,mercedes,http://en.wikipedia.org/wiki/Mercedes-Benz_in_Formula_One,Mercedes,German,1881912,+15.766,4,1:38.301,2024,19,United States Grand Prix,sprint,6
44,6,6,3,7,19,Finished,hamilton,44,HAM,http://en.wikipedia.org/wiki/Lewis_Hamilton,Lewis,Hamilton,1985-01-07,British,mercedes,http://en.wikipedia.org/wiki/Mercedes-Benz_in_Formula_One,Mercedes,German,1884870,+18.724,17,1:38.372,2024,19,United States Grand Prix,sprint,7
20,7,7,2,8,19,Finished,kevin_magnussen,20,MAG,http://en.wikipedia.org/wiki/Kevin_Magnussen,Kevin,Magnussen,1992-10-05,Danish,haas,http://en.wikipedia.org/wiki/Haas_F1_Team,Haas F1 Team,American,1891307,+25.161,6,1:38.602,2024,19,United States Grand Prix,sprint,9
27,8,8,1,6,19,Finished,hulkenberg,27,HUL,http://en.wikipedia.org/wiki/Nico_H%C3%BClkenberg,Nico,Hülkenberg,1987-08-19,German,haas,http://en.wikipedia.org/wiki/Haas_F1_Team,Haas F1 Team,American,1892734,+26.588,16,1:38.746,2024,19,United States Grand Prix,sprint,10
11,9,9,0,11,19,Finished,perez,11,PER,http://en.wikipedia.org/wiki/Sergio_P%C3%A9rez,Sergio,Pérez,1990-01-26,Mexican,red_bull,http://en.wikipedia.org/wiki/Red_Bull_Racing,Red Bull,Austrian,1896096,+29.950,19,1:38.452,2024,19,United States Grand Prix,sprint,8
81,10,10,0,16,19,Finished,piastri,81,PIA,http://en.wikipedia.org/wiki/Oscar_Piastri,Oscar,Piastri,2001-04-06,Australian,mclaren,http://en.wikipedia.org/wiki/McLaren,McLaren,British,1903205,+37.059,19,1:37.567,2024,19,United States Grand Prix,sprint,3
22,11,11,0,9,19,Finished,tsunoda,22,TSU,http://en.wikipedia.org/wiki/Yuki_Tsunoda,Yuki,Tsunoda,2000-05-11,Japanese,rb,http://en.wikipedia.org/wiki/RB_Formula_One_Team,RB F1 Team,Italian,1904509,+38.363,19,1:39.136,2024,19,United States Grand Prix,sprint,12
43,12,12,0,10,19,Finished,colapinto,43,COL,http://en.wikipedia.org/wiki/Franco_Colapinto,Franco,Colapinto,2003-05-27,Argentine,williams,http://en.wikipedia.org/wiki/Williams_Grand_Prix_Engineering,Williams,British,1905606,+39.460,19,1:39.335,2024,19,United States Grand Prix,sprint,16
18,13,13,0,13,19,Finished,stroll,18,STR,http://en.wikipedia.org/wiki/Lance_Stroll,Lance,Stroll,1998-10-29,Canadian,aston_martin,http://en.wikipedia.org/wiki/Aston_Martin_in_Formula_One,Aston Martin,British,1907382,+41.236,19,1:39.532,2024,19,United States Grand Prix,sprint,18
10,14,14,0,12,19,Finished,gasly,10,GAS,http://en.wikipedia.org/wiki/Pierre_Gasly,Pierre,Gasly,1996-02-07,French,alpine,http://en.wikipedia.org/wiki/Alpine_F1_Team,Alpine F1 Team,French,1908141,+41.995,19,1:39.438,2024,19,United States Grand Prix,sprint,17
31,15,15,0,17,19,Finished,ocon,31,OCO,http://en.wikipedia.org/wiki/Esteban_Ocon,Esteban,Ocon,1996-09-17,French,alpine,http://en.wikipedia.org/wiki/Alpine_F1_Team,Alpine F1 Team,French,1908950,+42.804,7,1:38.835,2024,19,United States Grand Prix,sprint,11
30,16,16,0,15,19,Finished,lawson,30,LAW,http://en.wikipedia.org/wiki/Liam_Lawson,Liam,Lawson,2002-02-11,New Zealander,rb,http://en.wikipedia.org/wiki/RB_Formula_One_Team,RB F1 Team,Italian,1910154,+44.008,7,1:39.237,2024,19,United States Grand Prix,sprint,14
23,17,17,0,20,19,Finished,albon,23,ALB,http://en.wikipedia.org/wiki/Alexander_Albon,Alexander,Albon,1996-03-23,Thai,williams,http://en.wikipedia.org/wiki/Williams_Grand_Prix_Engineering,Williams,British,1910710,+44.564,17,1:39.198,2024,19,United States Grand Prix,sprint,13
14,18,18,0,14,19,Finished,alonso,14,ALO,http://en.wikipedia.org/wiki/Fernando_Alonso,Fernando,Alonso,1981-07-29,Spanish,aston_martin,http://en.wikipedia.org/wiki/Aston_Martin_in_Formula_One,Aston Martin,British,1912953,+46.807,18,1:39.250,2024,19,United States Grand Prix,sprint,15
24,19,19,0,19,19,Finished,zhou,24,ZHO,http://en.wikipedia.org/wiki/Zhou_Guanyu,Guanyu,Zhou,1999-05-30,Chinese,sauber,http://en.wikipedia.org/wiki/Sauber_Motorsport,Sauber,Swiss,1918988,+52.842,17,1:39.705,2024,19,United States Grand Prix,sprint,20
77,20,20,0,18,19,Finished,bottas,77,BOT,http://en.wikipedia.org/wiki/Valtteri_Bottas,Valtteri,Bottas,1989-08-28,Finnish,sauber,http://en.wikipedia.org/wiki/Sauber_Motorsport,Sauber,Swiss,1920622,+54.476,16,1:39.642,2024,19,United States Grand Prix,sprint,19
4,1,1,8,2,24,Finished,norris,4,NOR,http://en.wikipedia.org/wiki/Lando_Norris,Lando,Norris,1999-11-13,British,mclaren,http://en.wikipedia.org/wiki/McLaren,McLaren,British,1786045,29:46.045,15,1:11.917,2024,21,São Paulo Grand Prix,sprint,6
81,2,2,7,1,24,Finished,piastri,81,PIA,http://en.wikipedia.org/wiki/Oscar_Piastri,Oscar,Piastri,2001-04-06,Australian,mclaren,http://en.wikipedia.org/wiki/McLaren,McLaren,British,1786638,+0.593,17,1:11.783,2024,21,São Paulo Grand Prix,sprint,3
16,3,3,6,3,24,Finished,leclerc,16,LEC,http://en.wikipedia.org/wiki/Charles_Leclerc,Charles,Leclerc,1997-10-16,Monegasque,ferrari,http://en.wikipedia.org/wiki/Scuderia_Ferrari,Ferrari,Italian,1791701,+5.656,3,1:11.914,2024,21,São Paulo Grand Prix,sprint,5
1,4,4,5,4,24,Finished,max_verstappen,33,VER,http://en.wikipedia.org/wiki/Max_Verstappen,Max,Verstappen,1997-09-30,Dutch,red_bull,http://en.wikipedia.org/wiki/Red_Bull_Racing,Red Bull,Austrian,1792542,+6.497,18,1:11.852,2024,21,São Paulo Grand Prix,sprint,4
55,5,5,4,5,24,Finished,sainz,55,SAI,http://en.wikipedia.org/wiki/Carlos_Sainz_Jr.,Carlos,Sainz,1994-09-01,Spanish,ferrari,http://en.wikipedia.org/wiki/Scuderia_Ferrari,Ferrari,Italian,1793269,+7.224,17,1:11.975,2024,21,São Paulo Grand Prix,sprint,7
63,6,6,3,6,24,Finished,russell,63,RUS,http://en.wikipedia.org/wiki/George_Russell_(racing_driver),George,Russell,1998-02-15,British,mercedes,http://en.wikipedia.org/wiki/Mercedes-Benz_in_Formula_One,Mercedes,German,1798520,+12.475,12,1:12.142,2024,21,São Paulo Grand Prix,sprint,8
10,7,7,2,7,24,Finished,gasly,10,GAS,http://en.wikipedia.org/wiki/Pierre_Gasly,Pierre,Gasly,1996-02-07,French,alpine,http://en.wikipedia.org/wiki/Alpine_F1_Team,Alpine F1 Team,French,1804206,+18.161,19,1:12.400,2024,21,São Paulo Grand Prix,sprint,9
11,8,8,1,13,24,Finished,perez,11,PER,http://en.wikipedia.org/wiki/Sergio_P%C3%A9rez,Sergio,Pérez,1990-01-26,Mexican,red_bull,http://en.wikipedia.org/wiki/Red_Bull_Racing,Red Bull,Austrian,1804762,+18.717,24,1:11.678,2024,21,São Paulo Grand Prix,sprint,1
30,9,9,0,8,24,Finished,lawson,30,LAW,http://en.wikipedia.org/wiki/Liam_Lawson,Liam,Lawson,2002-02-11,New Zealander,rb,http://en.wikipedia.org/wiki/RB_Formula_One_Team,RB F1 Team,Italian,1806818,+20.773,18,1:12.596,2024,21,São Paulo Grand Prix,sprint,11
23,10,10,0,9,24,Finished,albon,23,ALB,http://en.wikipedia.org/wiki/Alexander_Albon,Alexander,Albon,1996-03-23,Thai,williams,http://en.wikipedia.org/wiki/Williams_Grand_Prix_Engineering,Williams,British,1810651,+24.606,24,1:11.692,2024,21,São Paulo Grand Prix,sprint,2
44,11,11,0,11,24,Finished,hamilton,44,HAM,http://en.wikipedia.org/wiki/Lewis_Hamilton,Lewis,Hamilton,1985-01-07,British,mercedes,http://en.wikipedia.org/wiki/Mercedes-Benz_in_Formula_One,Mercedes,German,1815809,+29.764,21,1:12.546,2024,21,São Paulo Grand Prix,sprint,10
43,12,12,0,14,24,Finished,colapinto,43,COL,http://en.wikipedia.org/wiki/Franco_Colapinto,Franco,Colapinto,2003-05-27,Argentine,williams,http://en.wikipedia.org/wiki/Williams_Grand_Prix_Engineering,Williams,British,1819278,+33.233,15,1:12.701,2024,21,São Paulo Grand Prix,sprint,13
31,13,13,0,16,24,Finished,ocon,31,OCO,http://en.wikipedia.org/wiki/Esteban_Ocon,Esteban,Ocon,1996-09-17,French,alpine,http://en.wikipedia.org/wiki/Alpine_F1_Team,Alpine F1 Team,French,1820173,+34.128,16,1:12.882,2024,21,São Paulo Grand Prix,sprint,16
50,14,14,0,10,24,Finished,bearman,87,BEA,http://en.wikipedia.org/wiki/Oliver_Bearman,Oliver,Bearman,2005-05-08,British,haas,http://en.wikipedia.org/wiki/Haas_F1_Team,Haas F1 Team,American,1821552,+35.507,4,1:12.974,2024,21,São Paulo Grand Prix,sprint,17
22,15,15,0,17,24,Finished,tsunoda,22,TSU,http://en.wikipedia.org/wiki/Yuki_Tsunoda,Yuki,Tsunoda,2000-05-11,Japanese,rb,http://en.wikipedia.org/wiki/RB_Formula_One_Team,RB F1 Team,Italian,1827419,+41.374,14,1:12.838,2024,21,São Paulo Grand Prix,sprint,14
77,16,16,0,15,24,Finished,bottas,77,BOT,http://en.wikipedia.org/wiki/Valtteri_Bottas,Valtteri,Bottas,1989-08-28,Finnish,sauber,http://en.wikipedia.org/wiki/Sauber_Motorsport,Sauber,Swiss,1829276,+43.231,24,1:12.698,2024,21,São Paulo Grand Prix,sprint,12
24,17,17,0,20,24,Finished,zhou,24,ZHO,http://en.wikipedia.org/wiki/Zhou_Guanyu,Guanyu,Zhou,1999-05-30,Chinese,sauber,http://en.wikipedia.org/wiki/Sauber_Motorsport,Sauber,Swiss,1840184,+54.139,3,1:13.559,2024,21,São Paulo Grand Prix,sprint,19
14,18,18,0,18,24,Finished,alonso,14,ALO,http://en.wikipedia.org/wiki/Fernando_Alonso,Fernando,Alonso,1981-07-29,Spanish,aston_martin,http://en.wikipedia.org/wiki/Aston_Martin_in_Formula_One,Aston Martin,British,1842582,+56.537,16,1:13.111,2024,21,São Paulo Grand Prix,sprint,18
18,19,19,0,19,24,Finished,stroll,18,STR,http://en.wikipedia.org/wiki/Lance_Stroll,Lance,Stroll,1998-10-29,Canadian,aston_martin,http://en.wikipedia.org/wiki/Aston_Martin_in_Formula_One,Aston Martin,British,1844028,+57.983,3,1:13.560,2024,21,São Paulo Grand Prix,sprint,20
27,20,R,0,12,19,Retired,hulkenberg,27,HUL,http://en.wikipedia.org/wiki/Nico_H%C3%BClkenberg,Nico,Hülkenberg,1987-08-19,German,haas,http://en.wikipedia.org/wiki/Haas_F1_Team,Haas F1 Team,American,,,16,1:12.879,2024,21,São Paulo Grand Prix,sprint,15
81,1,1,8,3,19,Finished,piastri,81,PIA,http://en.wikipedia.org/wiki/Oscar_Piastri,Oscar,Piastri,2001-04-06,Australian,mclaren,http://en.wikipedia.org/wiki/McLaren,McLaren,British,1623010,27:03.010,17,1:24.494,2024,23,Qatar Grand Prix,sprint,8
4,2,2,7,1,19,Finished,norris,4,NOR,http://en.wikipedia.org/wiki/Lando_Norris,Lando,Norris,1999-11-13,British,mclaren,http://en.wikipedia.org/wiki/McLaren,McLaren,British,1623146,+0.136,13,1:24.329,2024,23,Qatar Grand Prix,sprint,4
63,3,3,6,2,19,Finished,russell,63,RUS,http://en.wikipedia.org/wiki/George_Russell_(racing_driver),George,Russell,1998-02-15,British,mercedes,http://en.wikipedia.org/wiki/Mercedes-Benz_in_Formula_One,Mercedes,German,1623420,+0.410,18,1:24.380,2024,23,Qatar Grand Prix,sprint,6
55,4,4,5,4,19,Finished,sainz,55,SAI,http://en.wikipedia.org/wiki/Carlos_Sainz_Jr.,Carlos,Sainz,1994-09-01,Spanish,ferrari,http://en.wikipedia.org/wiki/Scuderia_Ferrari,Ferrari,Italian,1624336,+1.326,16,1:24.405,2024,23,Qatar Grand Prix,sprint,7
16,5,5,4,5,19,Finished,leclerc,16,LEC,http://en.wikipedia.org/wiki/Charles_Leclerc,Charles,Leclerc,1997-10-16,Monegasque,ferrari,http://en.wikipedia.org/wiki/Scuderia_Ferrari,Ferrari,Italian,1628083,+5.073,18,1:23.923,2024,23,Qatar Grand Prix,sprint,1
44,6,6,3,7,19,Finished,hamilton,44,HAM,http://en.wikipedia.org/wiki/Lewis_Hamilton,Lewis,Hamilton,1985-01-07,British,mercedes,http://en.wikipedia.org/wiki/Mercedes-Benz_in_Formula_One,Mercedes,German,1628660,+5.650,18,1:24.337,2024,23,Qatar Grand Prix,sprint,5
27,7,7,2,9,19,Finished,hulkenberg,27,HUL,http://en.wikipedia.org/wiki/Nico_H%C3%BClkenberg,Nico,Hülkenberg,1987-08-19,German,haas,http://en.wikipedia.org/wiki/Haas_F1_Team,Haas F1 Team,American,1631518,+8.508,18,1:24.284,2024,23,Qatar Grand Prix,sprint,3
1,8,8,1,6,19,Finished,max_verstappen,33,VER,http://en.wikipedia.org/wiki/Max_Verstappen,Max,Verstappen,1997-09-30,Dutch,red_bull,http://en.wikipedia.org/wiki/Red_Bull_Racing,Red Bull,Austrian,1633378,+10.368,18,1:24.577,2024,23,Qatar Grand Prix,sprint,10
10,9,9,0,8,19,Finished,gasly,10,GAS,http://en.wikipedia.org/wiki/Pierre_Gasly,Pierre,Gasly,1996-02-07,French,alpine,http://en.wikipedia.org/wiki/Alpine_F1_Team,Alpine F1 Team,French,1637523,+14.513,19,1:24.930,2024,23,Qatar Grand Prix,sprint,12
20,10,10,0,15,19,Finished,kevin_magnussen,20,MAG,http://en.wikipedia.org/wiki/Kevin_Magnussen,Kevin,Magnussen,1992-10-05,Danish,haas,http://en.wikipedia.org/wiki/Haas_F1_Team,Haas F1 Team,American,1638495,+15.485,18,1:24.568,2024,23,Qatar Grand Prix,sprint,9
14,11,11,0,11,19,Finished,alonso,14,ALO,http://en.wikipedia.org/wiki/Fernando_Alonso,Fernando,Alonso,1981-07-29,Spanish,aston_martin,http://en.wikipedia.org/wiki/Aston_Martin_in_Formula_One,Aston Martin,British,1642214,+19.204,19,1:24.281,2024,23,Qatar Grand Prix,sprint,2
77,12,12,0,13,19,Finished,bottas,77,BOT,http://en.wikipedia.org/wiki/Valtteri_Bottas,Valtteri,Bottas,1989-08-28,Finnish,sauber,http://en.wikipedia.org/wiki/Sauber_Motorsport,Sauber,Swiss,1646361,+23.351,12,1:25.447,2024,23,Qatar Grand Prix,sprint,16
18,13,13,0,14,19,Finished,stroll,18,STR,http://en.wikipedia.org/wiki/Lance_Stroll,Lance,Stroll,1998-10-29,Canadian,aston_martin,http://en.wikipedia.org/wiki/Aston_Martin_in_Formula_One,Aston Martin,British,1647431,+24.421,18,1:25.369,2024,23,Qatar Grand Prix,sprint,14
31,14,14,0,17,19,Finished,ocon,31,OCO,http://en.wikipedia.org/wiki/Esteban_Ocon,Esteban,Ocon,1996-09-17,French,alpine,http://en.wikipedia.org/wiki/Alpine_F1_Team,Alpine F1 Team,French,1653389,+30.379,19,1:25.598,2024,23,Qatar Grand Prix,sprint,17
23,15,15,0,12,19,Finished,albon,23,ALB,http://en.wikipedia.org/wiki/Alexander_Albon,Alexander,Albon,1996-03-23,Thai,williams,http://en.wikipedia.org/wiki/Williams_Grand_Prix_Engineering,Williams,British,1656072,+33.062,18,1:25.443,2024,23,Qatar Grand Prix,sprint,15
30,16,16,0,10,19,Finished,lawson,30,LAW,http://en.wikipedia.org/wiki/Liam_Lawson,Liam,Lawson,2002-02-11,New Zealander,rb,http://en.wikipedia.org/wiki/RB_Formula_One_Team,RB F1 Team,Italian,1657366,+34.356,18,1:25.762,2024,23,Qatar Grand Prix,sprint,19
22,17,17,0,16,19,Finished,tsunoda,22,TSU,http://en.wikipedia.org/wiki/Yuki_Tsunoda,Yuki,Tsunoda,2000-05-11,Japanese,rb,http://en.wikipedia.org/wiki/RB_Formula_One_Team,RB F1 Team,Italian,1658112,+35.102,17,1:25.838,2024,23,Qatar Grand Prix,sprint,20
43,18,18,0,20,19,Finished,colapinto,43,COL,http://en.wikipedia.org/wiki/Franco_Colapinto,Franco,Colapinto,2003-05-27,Argentine,williams,http://en.wikipedia.org/wiki/Williams_Grand_Prix_Engineering,Williams,British,1658649,+35.639,18,1:25.599,2024,23,Qatar Grand Prix,sprint,18
24,19,19,0,18,19,Finished,zhou,24,ZHO,http://en.wikipedia.org/wiki/Zhou_Guanyu,Guanyu,Zhou,1999-05-30,Chinese,sauber,http://en.wikipedia.org/wiki/Sauber_Motorsport,Sauber,Swiss,1694446,+1:11.436,19,1:25.051,2024,23,Qatar Grand Prix,sprint,13
11,20,20,0,19,19,Finished,perez,11,PER,http://en.wikipedia.org/wiki/Sergio_P%C3%A9rez,Sergio,Pérez,1990-01-26,Mexican,red_bull,http://en.wikipedia.org/wiki/Red_Bull_Racing,Red Bull,Austrian,1697381,+1:14.371,18,1:24.892,2024,23,Qatar Grand Prix,sprint,11
44,1,1,8,1,19,Finished,hamilton,44,HAM,http://en.wikipedia.org/wiki/Lewis_Hamilton,Lewis,Hamilton,1985-01-07,British,ferrari,http://en.wikipedia.org/wiki/Scuderia_Ferrari,Ferrari,Italian,1839965,30:39.965,2,1:35.399,2025,2,Chinese Grand Prix,sprint,1
81,2,2,7,3,19,Finished,piastri,81,PIA,http://en.wikipedia.org/wiki/Oscar_Piastri,Oscar,Piastri,2001-04-06,Australian,mclaren,http://en.wikipedia.org/wiki/McLaren,McLaren,British,1846854,+6.889,7,1:35.854,2025,2,Chinese Grand Prix,sprint,4
1,3,3,6,2,19,Finished,max_verstappen,33,VER,http://en.wikipedia.org/wiki/Max_Verstappen,Max,Verstappen,1997-09-30,Dutch,red_bull,http://en.wikipedia.org/wiki/Red_Bull_Racing,Red Bull,Austrian,1849769,+9.804,2,1:35.745,2025,2,Chinese Grand Prix,sprint,2
63,4,4,5,5,19,Finished,russell,63,RUS,http://en.wikipedia.org/wiki/George_Russell_(racing_driver),George,Russell,1998-02-15,British,mercedes,http://en.wikipedia.org/wiki/Mercedes-Benz_in_Formula_One,Mercedes,German,1851557,+11.592,4,1:35.891,2025,2,Chinese Grand Prix,sprint,5
16,5,5,4,4,19,Finished,leclerc,16,LEC,http://en.wikipedia.org/wiki/Charles_Leclerc,Charles,Leclerc,1997-10-16,Monegasque,ferrari,http://en.wikipedia.org/wiki/Scuderia_Ferrari,Ferrari,Italian,1852155,+12.190,4,1:36.255,2025,2,Chinese Grand Prix,sprint,6
22,6,6,3,8,19,Finished,tsunoda,22,TSU,http://en.wikipedia.org/wiki/Yuki_Tsunoda,Yuki,Tsunoda,2000-05-11,Japanese,rb,http://en.wikipedia.org/wiki/RB_Formula_One_Team,RB F1 Team,Italian,1862253,+22.288,4,1:36.388,2025,2,Chinese Grand Prix,sprint,8
12,7,7,2,7,19,Finished,antonelli,12,ANT,https://en.wikipedia.org/wiki/Andrea_Kimi_Antonelli,Andrea Kimi,Antonelli,2006-08-25,Italian,mercedes,http://en.wikipedia.org/wiki/Mercedes-Benz_in_Formula_One,Mercedes,German,1863003,+23.038,5,1:36.311,2025,2,Chinese Grand Prix,sprint,7
4,8,8,1,6,19,Finished,norris,4,NOR,http://en.wikipedia.org/wiki/Lando_Norris,Lando,Norris,1999-11-13,British,mclaren,http://en.wikipedia.org/wiki/McLaren,McLaren,British,1863436,+23.471,4,1:36.708,2025,2,Chinese Grand Prix,sprint,11
18,9,9,0,10,19,Finished,stroll,18,STR,http://en.wikipedia.org/wiki/Lance_Stroll,Lance,Stroll,1998-10-29,Canadian,aston_martin,http://en.wikipedia.org/wiki/Aston_Martin_in_Formula_One,Aston Martin,British,1864881,+24.916,4,1:36.435,2025,2,Chinese Grand Prix,sprint,9
14,10,10,0,11,19,Finished,alonso,14,ALO,http://en.wikipedia.org/wiki/Fernando_Alonso,Fernando,Alonso,1981-07-29,Spanish,aston_martin,http://en.wikipedia.org/wiki/Aston_Martin_in_Formula_One,Aston Martin,British,1878183,+38.218,8,1:37.058,2025,2,Chinese Grand Prix,sprint,12
23,11,11,0,9,19,Finished,albon,23,ALB,http://en.wikipedia.org/wiki/Alexander_Albon,Alexander,Albon,1996-03-23,Thai,williams,http://en.wikipedia.org/wiki/Williams_Grand_Prix_Engineering,Williams,British,1879257,+39.292,7,1:37.344,2025,2,Chinese Grand Prix,sprint,15
10,12,12,0,17,19,Finished,gasly,10,GAS,http://en.wikipedia.org/wiki/Pierre_Gasly,Pierre,Gasly,1996-02-07,French,alpine,http://en.wikipedia.org/wiki/Alpine_F1_Team,Alpine F1 Team,French,1879614,+39.649,3,1:37.481,2025,2,Chinese Grand Prix,sprint,17
6,13,13,0,15,19,Finished,hadjar,6,HAD,https://en.wikipedia.org/wiki/Isack_Hadjar,Isack,Hadjar,2004-09-28,French,rb,http://en.wikipedia.org/wiki/RB_Formula_One_Team,RB F1 Team,Italian,1882365,+42.400,3,1:37.549,2025,2,Chinese Grand Prix,sprint,18
30,14,14,0,19,19,Finished,lawson,30,LAW,http://en.wikipedia.org/wiki/Liam_Lawson,Liam,Lawson,2002-02-11,New Zealander,red_bull,http://en.wikipedia.org/wiki/Red_Bull_Racing,Red Bull,Austrian,1884869,+44.904,4,1:37.163,2025,2,Chinese Grand Prix,sprint,14
87,15,15,0,12,19,Finished,bearman,87,BEA,http://en.wikipedia.org/wiki/Oliver_Bearman,Oliver,Bearman,2005-05-08,British,haas,http://en.wikipedia.org/wiki/Haas_F1_Team,Haas F1 Team,American,1885614,+45.649,3,1:37.135,2025,2,Chinese Grand Prix,sprint,13
31,16,16,0,18,19,Finished,ocon,31,OCO,http://en.wikipedia.org/wiki/Esteban_Ocon,Esteban,Ocon,1996-09-17,French,haas,http://en.wikipedia.org/wiki/Haas_F1_Team,Haas F1 Team,American,1886147,+46.182,3,1:37.554,2025,2,Chinese Grand Prix,sprint,19
55,17,17,0,13,19,Finished,sainz,55,SAI,http://en.wikipedia.org/wiki/Carlos_Sainz_Jr.,Carlos,Sainz,1994-09-01,Spanish,williams,http://en.wikipedia.org/wiki/Williams_Grand_Prix_Engineering,Williams,British,1891341,+51.376,13,1:35.819,2025,2,Chinese Grand Prix,sprint,3
5,18,18,0,14,19,Finished,bortoleto,5,BOR,https://en.wikipedia.org/wiki/Gabriel_Bortoleto,Gabriel,Bortoleto,2004-10-14,Brazilian,sauber,http://en.wikipedia.org/wiki/Sauber_Motorsport,Sauber,Swiss,1893905,+53.940,3,1:37.475,2025,2,Chinese Grand Prix,sprint,16
27,19,19,0,20,19,Finished,hulkenberg,27,HUL,http://en.wikipedia.org/wiki/Nico_H%C3%BClkenberg,Nico,Hülkenberg,1987-08-19,German,sauber,http://en.wikipedia.org/wiki/Sauber_Motorsport,Sauber,Swiss,1896647,+56.682,4,1:36.529,2025,2,Chinese Grand Prix,sprint,10
7,20,20,0,16,19,Finished,doohan,7,DOO,http://en.wikipedia.org/wiki/Jack_Doohan,Jack,Doohan,2003-01-20,Australian,alpine,http://en.wikipedia.org/wiki/Alpine_F1_Team,Alpine F1 Team,French,1910177,+1:10.212,3,1:37.686,2025,2,Chinese Grand Prix,sprint,20
4,1,1,8,3,18,Finished,norris,4,NOR,http://en.wikipedia.org/wiki/Lando_Norris,Lando,Norris,1999-11-13,British,mclaren,http://en.wikipedia.org/wiki/McLaren,McLaren,British,2197647,36:37.647,4,1:40.334,2025,6,Miami Grand Prix,sprint,5
81,2,2,7,2,18,Finished,piastri,81,PIA,http://en.wikipedia.org/wiki/Oscar_Piastri,Oscar,Piastri,2001-04-06,Australian,mclaren,http://en.wikipedia.org/wiki/McLaren,McLaren,British,2198319,+0.672,7,1:40.238,2025,6,Miami Grand Prix,sprint,4
44,3,3,6,7,18,Finished,hamilton,44,HAM,http://en.wikipedia.org/wiki/Lewis_Hamilton,Lewis,Hamilton,1985-01-07,British,ferrari,http://en.wikipedia.org/wiki/Scuderia_Ferrari,Ferrari,Italian,2198720,+1.073,13,1:36.368,2025,6,Miami Grand Prix,sprint,1
63,4,4,5,5,18,Finished,russell,63,RUS,http://en.wikipedia.org/wiki/George_Russell_(racing_driver),George,Russell,1998-02-15,British,mercedes,http://en.wikipedia.org/wiki/Mercedes-Benz_in_Formula_One,Mercedes,German,2200774,+3.127,6,1:40.963,2025,6,Miami Grand Prix,sprint,7
18,5,5,4,16,18,Finished,stroll,18,STR,http://en.wikipedia.org/wiki/Lance_Stroll,Lance,Stroll,1998-10-29,Canadian,aston_martin,http://en.wikipedia.org/wiki/Aston_Martin_in_Formula_One,Aston Martin,British,2201059,+3.412,13,1:36.839,2025,6,Miami Grand Prix,sprint,2
22,6,6,3,20,18,Finished,tsunoda,22,TSU,http://en.wikipedia.org/wiki/Yuki_Tsunoda,Yuki,Tsunoda,2000-05-11,Japanese,red_bull,http://en.wikipedia.org/wiki/Red_Bull_Racing,Red Bull,Austrian,2202800,+5.153,13,1:38.078,2025,6,Miami Grand Prix,sprint,3
12,7,7,2,1,18,Finished,antonelli,12,ANT,https://en.wikipedia.org/wiki/Andrea_Kimi_Antonelli,Andrea Kimi,Antonelli,2006-08-25,Italian,mercedes,http://en.wikipedia.org/wiki/Mercedes-Benz_in_Formula_One,Mercedes,German,2203282,+5.635,6,1:41.012,2025,6,Miami Grand Prix,sprint,8
10,8,8,1,13,18,Finished,gasly,10,GAS,http://en.wikipedia.org/wiki/Pierre_Gasly,Pierre,Gasly,1996-02-07,French,alpine,http://en.wikipedia.org/wiki/Alpine_F1_Team,Alpine F1 Team,French,2203620,+5.973,7,1:42.694,2025,6,Miami Grand Prix,sprint,16
27,9,9,0,11,18,Finished,hulkenberg,27,HUL,http://en.wikipedia.org/wiki/Nico_H%C3%BClkenberg,Nico,Hülkenberg,1987-08-19,German,sauber,http://en.wikipedia.org/wiki/Sauber_Motorsport,Sauber,Swiss,2203800,+6.153,5,1:42.871,2025,6,Miami Grand Prix,sprint,17
6,10,10,0,9,18,Finished,hadjar,6,HAD,https://en.wikipedia.org/wiki/Isack_Hadjar,Isack,Hadjar,2004-09-28,French,rb,http://en.wikipedia.org/wiki/RB_Formula_One_Team,RB F1 Team,Italian,2205149,+7.502,6,1:42.260,2025,6,Miami Grand Prix,sprint,13
23,11,11,0,8,18,Finished,albon,23,ALB,http://en.wikipedia.org/wiki/Alexander_Albon,Alexander,Albon,1996-03-23,Thai,williams,http://en.wikipedia.org/wiki/Williams_Grand_Prix_Engineering,Williams,British,2205169,+7.522,7,1:41.699,2025,6,Miami Grand Prix,sprint,9
31,12,12,0,12,18,Finished,ocon,31,OCO,http://en.wikipedia.org/wiki/Esteban_Ocon,Esteban,Ocon,1996-09-17,French,haas,http://en.wikipedia.org/wiki/Haas_F1_Team,Haas F1 Team,American,2206645,+8.998,6,1:42.550,2025,6,Miami Grand Prix,sprint,14
30,13,13,0,14,18,Finished,lawson,30,LAW,http://en.wikipedia.org/wiki/Liam_Lawson,Liam,Lawson,2002-02-11,New Zealander,rb,http://en.wikipedia.org/wiki/RB_Formula_One_Team,RB F1 Team,Italian,2206671,+9.024,7,1:41.922,2025,6,Miami Grand Prix,sprint,11
87,14,14,0,19,18,Finished,bearman,87,BEA,http://en.wikipedia.org/wiki/Oliver_Bearman,Oliver,Bearman,2005-05-08,British,haas,http://en.wikipedia.org/wiki/Haas_F1_Team,Haas F1 Team,American,2206865,+9.218,5,1:42.237,2025,6,Miami Grand Prix,sprint,12
5,15,15,0,18,18,Finished,bortoleto,5,BOR,https://en.wikipedia.org/wiki/Gabriel_Bortoleto,Gabriel,Bortoleto,2004-10-14,Brazilian,sauber,http://en.wikipedia.org/wiki/Sauber_Motorsport,Sauber,Swiss,2207322,+9.675,6,1:42.989,2025,6,Miami Grand Prix,sprint,18
7,16,16,0,17,18,Finished,doohan,7,DOO,http://en.wikipedia.org/wiki/Jack_Doohan,Jack,Doohan,2003-01-20,Australian,alpine,http://en.wikipedia.org/wiki/Alpine_F1_Team,Alpine F1 Team,French,2207556,+9.909,7,1:43.076,2025,6,Miami Grand Prix,sprint,19
1,17,17,0,4,18,Finished,max_verstappen,33,VER,http://en.wikipedia.org/wiki/Max_Verstappen,Max,Verstappen,1997-09-30,Dutch,red_bull,http://en.wikipedia.org/wiki/Red_Bull_Racing,Red Bull,Austrian,2209706,+12.059,5,1:40.697,2025,6,Miami Grand Prix,sprint,6
14,18,R,0,10,13,Retired,alonso,14,ALO,http://en.wikipedia.org/wiki/Fernando_Alonso,Fernando,Alonso,1981-07-29,Spanish,aston_martin,http://en.wikipedia.org/wiki/Aston_Martin_in_Formula_One,Aston Martin,British,,,7,1:41.782,2025,6,Miami Grand Prix,sprint,10
55,19,R,0,15,12,Retired,sainz,55,SAI,http://en.wikipedia.org/wiki/Carlos_Sainz_Jr.,Carlos,Sainz,1994-09-01,Spanish,williams,http://en.wikipedia.org/wiki/Williams_Grand_Prix_Engineering,Williams,British,,,5,1:42.638,2025,6,Miami Grand Prix,sprint,15
16,20,R,0,6,0,Retired,leclerc,16,LEC,http://en.wikipedia.org/wiki/Charles_Leclerc,Charles,Leclerc,1997-10-16,Monegasque,ferrari,http://en.wikipedia.org/wiki/Scuderia_Ferrari,Ferrari,Italian,,,,,2025,6,Miami Grand Prix,sprint,
